feature,importance_gain
f21168,5239156.0
f18312,2680977.75
f18984,930161.5625
f25704,894314.4375
f23830,506935.0
f20664,388051.5625
f25510,294705.25
f26014,181502.0
f77307,170911.25
f5502,154668.3125
f18816,146566.21875
f26712,133458.65625
f85227,130171.75
f78507,129986.6484375
f1301,125885.78125
f85587,115601.875
f18647,105833.0625
f28839,90776.3125
f85876,85051.5
f89067,83889.1875
f52407,82082.25
f13967,77287.625
f26879,70582.875
f2309,69621.65625
f65729,66529.2421875
f28671,64301.8125
f84723,61125.09375
f13349,60764.75
f14279,59762.296875
f45590,58058.75
f56289,53318.625
f32871,51740.58984375
f54137,50298.9375
f64690,45792.65625
f85732,43650.42578125
f71409,41962.578125
f76659,40853.90625
f64689,38813.6484375
f82515,38749.71875
f75611,34912.9609375
f76155,34430.15625
f74937,34365.953125
f35010,34260.375
f24023,33978.64453125
f87075,33263.59375
f19656,32560.44140625
f53099,30382.96875
f62843,30179.2890625
f6005,29060.640625
f49958,27869.89453125
f35684,27153.5
f55113,25898.609375
f19824,23482.548828125
f86379,22641.8671875
f65728,21561.162109375
f15463,20851.609375
f22871,20440.765625
f7513,20264.0859375
f41516,18643.3125
f52259,17932.578125
f57491,17252.9765625
f11533,16369.078125
f31916,16110.48828125
f90635,16078.3125
f17808,15772.46875
f14138,15642.8984375
f74768,14689.0625
f21504,12489.1796875
f83378,12253.828125
f38658,12200.392578125
f67882,12154.892578125
f13944,11567.8671875
f43867,11487.8125
f50463,11426.302734375
f86192,10656.10546875
f30183,9618.0341796875
f5163,9224.109375
f624,9186.2607421875
f8858,8838.0224609375
f80353,8791.6796875
f23687,8257.421875
f72426,8221.1796875
f29298,8069.83203125
f19328,7938.14599609375
f40367,7782.6328125
f45593,7488.1640625
f58307,7478.8798828125
f83545,7322.64453125
f79181,7269.6435546875
f22176,7175.44970703125
f61166,6896.19140625
f90479,6447.1953125
f36572,6325.99609375
f14783,6321.517578125
f85709,6314.0
f68723,6110.416015625
f23883,6073.97265625
f77835,5743.8349609375
f89304,5690.23828125
f57303,5359.98046875
f53267,5096.640625
f81529,4958.38671875
f25872,4906.1875
f14615,4878.4462890625
f17976,4821.8837890625
f20159,4799.763671875
f23016,4791.4677734375
f2811,4676.669921875
f54779,4634.8349609375
f90413,4557.72021484375
f39687,4507.2294921875
f74769,4440.93603515625
f64519,4258.0888671875
f6003,4059.05517578125
f22007,3940.762939453125
f44939,3784.41796875
f22343,3685.83349609375
f12389,3664.9560546875
f20372,3660.83447265625
f23184,3648.274169921875
f52599,3632.875
f21503,3524.09912109375
f22510,3470.869140625
f6652,3431.4765625
f2981,3421.86328125
f35752,3373.620361328125
f71748,3328.0009765625
f36888,3283.1201171875
f46081,3264.033203125
f7349,3113.512939453125
f89954,3067.845947265625
f4975,3032.61376953125
f60827,2988.16357421875
f64694,2969.81396484375
f13728,2925.95068359375
f65531,2860.47607421875
f11885,2848.540283203125
f33762,2838.23046875
f48399,2695.70361328125
f285,2693.89794921875
f83739,2597.431884765625
f63849,2588.80322265625
f5365,2581.783447265625
f72425,2533.052734375
f41558,2492.037353515625
f64688,2452.08203125
f52911,2438.44580078125
f460,2417.005859375
f19655,2413.203125
f10203,2404.83203125
f88083,2387.044921875
f43890,2378.3408203125
f47757,2288.985107421875
f44918,2264.17138671875
f22006,2252.75341796875
f85756,2087.833740234375
f89971,2056.087890625
f67208,2021.1280517578125
f0,2007.11572265625
f53608,2005.302734375
f65391,1967.6246337890625
f25535,1964.3212890625
f57804,1895.640869140625
f25368,1852.259521484375
f73622,1847.4464111328125
f25055,1826.9542236328125
f4,1769.154296875
f52094,1736.95849609375
f62366,1715.299072265625
f10006,1694.055419921875
f72588,1621.4383544921875
f20493,1606.296875
f61357,1598.58935546875
f86215,1574.00537109375
f23855,1567.9208984375
f70933,1557.15673828125
f16297,1555.53076171875
f90713,1553.3875732421875
f85922,1538.7275390625
f50464,1538.1717529296875
f88063,1532.9931640625
f26757,1508.62744140625
f35540,1507.404296875
f86401,1495.6534423828125
f51287,1421.0888671875
f35229,1408.287109375
f20276,1404.96630859375
f15304,1402.57421875
f32708,1385.1195068359375
f266,1381.561279296875
f45570,1367.92529296875
f68894,1330.2886962890625
f85685,1328.4010009765625
f29832,1309.9344482421875
f26900,1275.499755859375
f54783,1273.6822509765625
f31871,1247.219970703125
f11883,1228.334228515625
f83048,1225.8243408203125
f15118,1213.349853515625
f24188,1209.33544921875
f7013,1205.0806884765625
f45258,1203.5740966796875
f73592,1190.528564453125
f67214,1180.391845703125
f82369,1147.2093505859375
f1665,1143.23779296875
f77478,1130.6348876953125
f77469,1128.79541015625
f35733,1121.2816162109375
f31170,1117.1630859375
f24528,1107.484375
f43235,1103.91162109375
f85225,1103.05859375
f86737,1097.18896484375
f25892,1093.98486328125
f2312,1093.797607421875
f89253,1081.8109130859375
f61695,1081.0902099609375
f65193,1059.82177734375
f4495,1057.1710205078125
f72400,1054.05029296875
f50776,1042.2001953125
f61167,1040.7908935546875
f56126,1040.231201171875
f52266,1037.767822265625
f69561,1016.337646484375
f26208,1011.5224609375
f32228,1010.0286865234375
f79035,1004.9754638671875
f52264,1003.992919921875
f29178,996.485595703125
f41580,977.1661376953125
f26518,976.2208251953125
f35394,936.6859130859375
f70239,931.322021484375
f3986,914.32568359375
f86571,884.8284301757812
f15123,884.16357421875
f90021,871.8499145507812
f68916,864.97412109375
f17322,863.3572998046875
f130,862.1292114257812
f7684,857.2642211914062
f22681,833.8909301757812
f65199,806.4944458007812
f57327,803.9349975585938
f14588,799.8646240234375
f67047,787.6746826171875
f73268,785.8091430664062
f52118,778.4600830078125
f3485,764.634765625
f31700,764.60791015625
f89115,763.3067626953125
f87748,763.1976318359375
f21338,757.398193359375
f2858,746.056884765625
f36043,725.296875
f2975,720.2620239257812
f44728,712.8486328125
f35511,712.64453125
f2988,709.9730224609375
f49097,687.8192749023438
f47791,685.7205810546875
f15965,682.0634765625
f23489,681.20849609375
f44244,676.8560180664062
f433,669.8109130859375
f62338,666.9756469726562
f7516,665.8331298828125
f42377,661.7190551757812
f6007,660.6026000976562
f87409,650.0137939453125
f17660,645.7222900390625
f63350,644.257568359375
f17641,636.919921875
f71408,634.3794555664062
f52086,632.1551513671875
f82560,618.4796142578125
f74099,608.012939453125
f83882,600.9501342773438
f36765,596.6461181640625
f38320,584.8402709960938
f32850,576.11376953125
f63709,575.9378662109375
f84051,573.874755859375
f62342,570.3311157226562
f29388,570.019775390625
f45760,564.7909545898438
f89289,556.9112548828125
f16296,552.560302734375
f17493,551.7852783203125
f65500,551.608154296875
f7832,550.9995727539062
f60994,549.2813110351562
f42378,544.0476684570312
f74601,539.20751953125
f32031,531.620361328125
f4633,524.30126953125
f32350,522.2997436523438
f35702,516.6030883789062
f53463,509.4210205078125
f6846,504.2076721191406
f19131,500.72650146484375
f39354,497.119140625
f19462,496.61163330078125
f64184,493.81341552734375
f53245,492.55279541015625
f81506,488.82708740234375
f19660,486.9110107421875
f32373,485.78363037109375
f18625,482.5618896484375
f39209,480.9330749511719
f14784,473.2839050292969
f38319,471.384033203125
f32700,468.9815979003906
f59299,462.68792724609375
f77518,456.7027587890625
f48420,454.4824523925781
f68389,448.9024353027344
f1639,448.3372497558594
f8859,444.12103271484375
f2111,441.2169189453125
f74440,436.689453125
f20348,436.5302734375
f36183,434.3231201171875
f56967,424.4519958496094
f44890,419.7919616699219
f27474,417.0330505371094
f125,416.0996398925781
f58499,415.10675048828125
f45401,412.5898742675781
f51954,412.587646484375
f50105,408.6025085449219
f69568,407.0419616699219
f77838,406.0955505371094
f46914,399.3475036621094
f14162,398.59844970703125
f15455,394.9459228515625
f22701,394.62158203125
f7294,392.7619323730469
f3288,392.080322265625
f11018,390.97760009765625
f38996,390.1036376953125
f46939,388.2294616699219
f76,381.7951965332031
f15456,381.4443359375
f29466,374.34747314453125
f71415,366.5947570800781
f18144,366.58123779296875
f4159,365.30767822265625
f9003,363.8305969238281
f43073,362.0016784667969
f83741,360.5617370605469
f37068,355.0857238769531
f32513,347.94183349609375
f39185,342.7693176269531
f76011,342.45654296875
f87414,341.1306457519531
f52931,336.5917053222656
f30160,336.55792236328125
f70382,335.5703125
f42683,335.26153564453125
f48448,333.1799011230469
f23874,332.0004577636719
f50107,331.6400451660156
f18789,329.48699951171875
f1805,322.92535400390625
f8355,319.22076416015625
f72783,318.50677490234375
f69567,312.8032531738281
f55,312.2335205078125
f90518,309.7560119628906
f489,303.259765625
f35564,302.40093994140625
f23519,301.52587890625
f82391,297.7944030761719
f52137,289.00244140625
f42542,285.4527282714844
f5641,284.633544921875
f147,283.42584228515625
f41899,282.9762878417969
f27496,282.04107666015625
f120,280.8179931640625
f42209,279.1628723144531
f8522,276.9766540527344
f64360,276.2942810058594
f63705,276.19097900390625
f85896,275.792724609375
f63497,274.40631103515625
f24360,273.6339416503906
f43932,269.2919616699219
f39691,266.0894470214844
f14302,265.7543640136719
f70744,258.8802490234375
f60826,256.4576110839844
f6154,256.2724304199219
f75778,254.8829803466797
f60300,254.03158569335938
f66881,252.04586791992188
f11045,249.38877868652344
f77165,249.26971435546875
f54107,249.13478088378906
f24862,245.1195068359375
f77833,244.36947631835938
f54139,242.18797302246094
f21187,241.6071014404297
f65698,241.5694580078125
f23856,241.2589111328125
f43049,240.9163055419922
f14781,240.72589111328125
f9196,240.3677978515625
f76181,234.62229919433594
f68557,233.179931640625
f41035,231.27207946777344
f88589,229.6973876953125
f66705,226.5119171142578
f1810,225.73577880859375
f1833,222.4263916015625
f299,222.2216796875
f38063,221.193115234375
f87411,220.8311767578125
f38846,220.588134765625
f68414,219.89840698242188
f23713,218.88427734375
f39904,217.98683166503906
f28842,215.92210388183594
f88248,213.57778930664062
f61652,210.68936157226562
f15814,210.0197296142578
f1300,209.75112915039062
f801,209.51171875
f5507,209.38442993164062
f32204,209.18463134765625
f15626,208.58111572265625
f47410,207.69049072265625
f80859,206.98098754882812
f77218,205.47447204589844
f43050,203.4069366455078
f83385,202.7137908935547
f76975,195.87493896484375
f59293,195.02793884277344
f14134,193.19525146484375
f4801,192.93399047851562
f81394,191.9579315185547
f50109,191.7277374267578
f8353,189.35635375976562
f45405,188.3462677001953
f86238,187.51968383789062
f68049,185.37704467773438
f33543,179.60702514648438
f27356,177.77377319335938
f25218,175.05783081054688
f35545,174.96730041503906
f943,174.64645385742188
f48924,173.569091796875
f74102,172.9990692138672
f82233,171.0697479248047
f47747,170.3082733154297
f45424,170.27212524414062
f64862,169.14498901367188
f10517,168.17926025390625
f40361,166.35679626464844
f52593,164.53001403808594
f57809,163.2557373046875
f14312,162.6177978515625
f77861,161.04336547851562
f53601,160.39781188964844
f13034,159.75491333007812
f48118,159.0988006591797
f2313,158.39454650878906
f67408,157.90744018554688
f46742,153.90670776367188
f53126,153.8629913330078
f23030,153.4703369140625
f2936,152.3868408203125
f41006,152.36180114746094
f14785,150.41796875
f62506,150.23971557617188
f75103,149.41378784179688
f95,145.97409057617188
f38353,144.891357421875
f61168,143.5496368408203
f70794,143.06214904785156
f14788,142.720703125
f76329,142.71087646484375
f269,142.6245880126953
f24243,140.60855102539062
f5356,140.12535095214844
f89808,139.73052978515625
f7512,139.47030639648438
f335,138.77528381347656
f65674,138.75848388671875
f45234,138.40945434570312
f1464,138.0926513671875
f11242,137.8431396484375
f16320,137.4565887451172
f2980,135.58154296875
f47898,133.91375732421875
f35395,133.9020233154297
f35055,133.7610626220703
f40698,133.7213134765625
f65510,132.85818481445312
f53938,132.68026733398438
f69067,131.35348510742188
f53776,131.3466796875
f15288,129.47152709960938
f62509,129.30264282226562
f44385,129.16290283203125
f42217,128.2490234375
f950,126.7508544921875
f19007,124.29107666015625
f44415,122.81758117675781
f13037,122.78193664550781
f88417,122.05457305908203
f21650,120.99755096435547
f80356,120.00909423828125
f40714,119.94113159179688
f29011,119.6820068359375
f35057,119.04393005371094
f57616,118.77471160888672
f85755,118.36549377441406
f56824,118.36138153076172
f89964,117.8598403930664
f76691,117.3063735961914
f4157,116.80522155761719
f42545,115.40240478515625
f795,115.14248657226562
f39519,115.02140808105469
f8865,114.52665710449219
f51956,114.5191650390625
f48308,113.03417205810547
f36568,112.42371368408203
f30165,112.1446533203125
f6842,110.92095947265625
f24211,109.97686767578125
f79493,109.036376953125
f127,108.47903442382812
f19003,108.35263061523438
f633,108.34016418457031
f89809,108.2735595703125
f46067,107.2415771484375
f81193,107.2039794921875
f66544,107.08124542236328
f17807,106.34649658203125
f1132,105.489501953125
f2810,103.992919921875
f45063,103.61946868896484
f17329,103.02421569824219
f69422,102.42931365966797
f74242,101.32469177246094
f52426,101.2174072265625
f24022,101.20578002929688
f66186,99.89794921875
f22341,99.8944091796875
f49435,99.81320190429688
f58171,99.48458862304688
f8740,99.10685729980469
f11498,98.27471923828125
f45591,98.21299743652344
f39374,97.58132934570312
f57831,96.14949798583984
f29511,95.2468032836914
f44940,94.42570495605469
f2477,94.22167205810547
f2814,93.42034912109375
f2172,93.22200012207031
f47939,92.68452453613281
f50130,92.5750732421875
f29512,92.34107971191406
f39216,90.94725799560547
f44916,90.82373046875
f49094,89.2115478515625
f37917,89.19143676757812
f50777,89.06963348388672
f52767,88.8731689453125
f36923,88.85537719726562
f63038,88.81294250488281
f11693,88.08699798583984
f86073,87.5666275024414
f3513,87.5355224609375
f85748,87.22700500488281
f15794,87.12026977539062
f89446,87.03514862060547
f6818,86.81829833984375
f46100,86.39868927001953
f1619,85.82243347167969
f68701,85.62596130371094
f60993,84.38858795166016
f72082,84.34513092041016
f22676,83.99909210205078
f31868,83.78911590576172
f1638,83.14495849609375
f65192,83.08128356933594
f89824,82.6044921875
f39541,81.97246551513672
f23495,81.3743896484375
f82540,81.29196166992188
f8857,81.13005828857422
f29366,80.92915344238281
f88420,80.8447036743164
f84921,80.4938735961914
f54589,79.93386840820312
f78459,79.42886352539062
f47443,79.3525161743164
f39403,78.38005065917969
f42540,78.23262786865234
f23352,77.51641845703125
f79656,77.40079498291016
f13029,77.32645416259766
f26403,77.06991577148438
f2788,77.02993774414062
f46769,77.02410125732422
f74746,76.56275939941406
f46768,75.81739807128906
f20182,75.65648651123047
f20352,75.02304077148438
f12557,74.88641357421875
f43722,74.51045227050781
f24546,74.08011627197266
f10038,73.57742309570312
f75762,73.19725799560547
f33019,73.13872528076172
f67740,72.81391906738281
f28623,71.75153350830078
f90692,71.33990478515625
f85588,70.74010467529297
f48419,69.76277923583984
f22344,69.5912094116211
f84866,69.39445495605469
f77166,69.18427276611328
f29363,68.50961303710938
f63498,68.28328704833984
f2142,67.8143310546875
f65708,67.81024932861328
f89089,67.69490051269531
f52090,67.49091339111328
f51471,66.9195785522461
f23353,66.73302459716797
f47586,66.41016387939453
f37052,66.39228057861328
f123,65.89195251464844
f60657,65.51360321044922
f60161,65.47254943847656
f100,65.00211334228516
f45088,64.68785858154297
f34890,64.22256469726562
f966,64.15411376953125
f70099,64.13592529296875
f42544,63.98941421508789
f55286,63.96998596191406
f18454,63.62055969238281
f21356,63.54147720336914
f77712,63.33180236816406
f86406,63.2669792175293
f26561,61.869842529296875
f27043,61.86444091796875
f337,61.722808837890625
f33190,61.45068359375
f24542,60.98738098144531
f47415,60.961666107177734
f2310,60.62569808959961
f81360,60.574188232421875
f23859,60.39949417114258
f4151,60.298858642578125
f2808,60.09857940673828
f37718,60.07013702392578
f87076,59.97585678100586
f145,59.962703704833984
f1659,59.63276672363281
f28003,59.510650634765625
f49268,59.244815826416016
f29510,58.983768463134766
f89803,58.65126037597656
f51788,58.605552673339844
f59365,58.349212646484375
f41706,58.2520751953125
f65700,58.19750213623047
f75811,58.18690872192383
f3493,57.7806396484375
f826,57.495758056640625
f22704,57.34748077392578
f78676,56.995506286621094
f76685,56.95597839355469
f73757,56.56642150878906
f42703,55.955650329589844
f66037,55.15980529785156
f72753,54.79328918457031
f81022,54.41851806640625
f2978,54.13444519042969
f11024,54.0721435546875
f31005,54.007240295410156
f85394,53.97932815551758
f66188,53.83463668823242
f82707,53.57372283935547
f17138,53.2425537109375
f50102,52.96782302856445
f29678,52.801292419433594
f2493,52.72370910644531
f74931,52.21842956542969
f65362,51.68993377685547
f83886,51.577781677246094
f76488,51.25862121582031
f1281,51.01434326171875
f88775,50.86092758178711
f31694,50.81121826171875
f23496,50.72175216674805
f69563,50.68428039550781
f15643,50.453857421875
f4304,49.9544677734375
f58478,49.488040924072266
f5856,49.431854248046875
f8667,49.352596282958984
f42049,49.23507308959961
f62672,48.97462844848633
f86906,48.885311126708984
f72035,48.60948944091797
f29008,48.43870162963867
f48280,48.38187026977539
f28673,47.98273468017578
f49602,47.87451934814453
f2474,47.61543655395508
f89947,47.44384002685547
f52267,47.32310104370117
f14949,47.24552917480469
f20497,46.55990219116211
f58813,46.55445861816406
f71102,46.4412956237793
f80740,46.00135803222656
f52116,45.94440841674805
f89848,45.65006637573242
f462,45.48968505859375
f288,45.48921203613281
f52404,45.23334884643555
f6847,45.210899353027344
f41555,45.11450958251953
f939,44.93415832519531
f1636,44.492088317871094
f154,44.236454010009766
f16126,44.172935485839844
f129,43.73626708984375
f11549,43.71348571777344
f90016,43.67226028442383
f62123,43.447879791259766
f86118,43.23691177368164
f4775,42.56391906738281
f32037,42.504112243652344
f75593,41.6439094543457
f85737,41.57420349121094
f34169,40.76373291015625
f50131,40.691680908203125
f14758,40.68060302734375
f13421,40.51514434814453
f45572,40.50782012939453
f19822,40.25136947631836
f8503,40.127193450927734
f453,40.03483581542969
f651,39.95099639892578
f33873,39.8270149230957
f48418,39.308380126953125
f754,37.282169342041016
f88426,36.87898254394531
f1100,36.875247955322266
f44272,36.85342025756836
f49479,36.633365631103516
f2288,36.36738967895508
f85106,36.170650482177734
f52092,36.00482177734375
f70431,35.76360321044922
f59482,35.70016098022461
f43071,35.40736389160156
f73741,34.97477340698242
f39215,34.615814208984375
f28475,34.58740234375
f62507,34.0728645324707
f8862,33.99711990356445
f26207,33.99491500854492
f58290,33.9592399597168
f42549,33.95574951171875
f18360,33.950462341308594
f21507,33.918113708496094
f85088,33.893394470214844
f64530,33.793251037597656
f51117,33.472991943359375
f29325,33.20869445800781
f48932,33.06685256958008
f90637,32.78800582885742
f8717,32.7631950378418
f32543,32.71996307373047
f12025,32.55138397216797
f56969,32.49016189575195
f74319,32.44712829589844
f12726,31.9346866607666
f35730,31.9232234954834
f5155,31.821334838867188
f39663,31.5699462890625
f106,31.536422729492188
f41220,31.498807907104492
f77836,31.497295379638672
f29341,31.290300369262695
f85231,31.253528594970703
f38322,31.114059448242188
f49114,31.09975242614746
f937,31.064006805419922
f45922,30.676095962524414
f39905,30.53342056274414
f52929,30.248964309692383
f82420,30.083053588867188
f152,30.03902816772461
f64858,29.936466217041016
f1804,29.85582160949707
f63708,29.835126876831055
f5853,29.702308654785156
f48449,29.687545776367188
f7177,29.509023666381836
f66182,29.21607208251953
f86428,28.84278678894043
f2339,28.52874755859375
f48930,28.418725967407227
f55938,28.380355834960938
f88101,28.174583435058594
f1283,28.0823974609375
f14298,27.71078109741211
f1347,27.576858520507812
f2649,27.541545867919922
f73427,27.300100326538086
f61645,27.27368927001953
f44225,27.152986526489258
f67570,27.045368194580078
f98,26.87888526916504
f66370,26.85779571533203
f22195,26.800933837890625
f79519,26.739540100097656
f10034,26.714828491210938
f58835,26.40530014038086
f52546,26.390666961669922
f48427,26.362411499023438
f81577,26.357086181640625
f3657,26.30319595336914
f13702,26.246379852294922
f1827,26.226173400878906
f24359,26.049991607666016
f17640,25.617462158203125
f85252,25.606822967529297
f22482,25.597049713134766
f23185,25.588218688964844
f26568,25.54119110107422
f8159,25.50910758972168
f17517,25.253572463989258
f14139,25.248302459716797
f61812,24.90041160583496
f33897,24.895790100097656
f11881,24.81127166748047
f72081,24.72673797607422
f74932,24.690610885620117
f2979,24.6834716796875
f85735,24.648216247558594
f68224,24.5960636138916
f2281,24.297523498535156
f53100,24.22479248046875
f73407,24.19476890563965
f84070,24.164936065673828
f22656,24.14142608642578
f1830,24.08758544921875
f87912,23.93012046813965
f77827,23.90884780883789
f1155,23.879901885986328
f66523,23.68842887878418
f2643,23.528671264648438
f13589,23.37193489074707
f590,23.357757568359375
f11713,23.334239959716797
f72080,23.324398040771484
f42714,23.223379135131836
f22342,23.222137451171875
f9178,23.151473999023438
f54279,23.138879776000977
f18980,23.12942886352539
f11195,23.069766998291016
f8644,22.838130950927734
f65534,22.65997314453125
f89113,22.280181884765625
f81078,22.235132217407227
f16482,22.208589553833008
f29223,22.194061279296875
f62367,22.1671085357666
f50418,22.158493041992188
f132,22.14211654663086
f77520,22.065196990966797
f1641,21.998449325561523
f30840,21.892606735229492
f24182,21.85335350036621
f86212,21.845705032348633
f71244,21.428192138671875
f11887,21.317541122436523
f87270,21.28823471069336
f61831,21.276159286499023
f86241,21.22213363647461
f23319,21.215848922729492
f87416,21.18798065185547
f79851,21.00701141357422
f2472,20.91895294189453
f14448,20.87317657470703
f69536,20.861331939697266
f22677,20.80147933959961
f29010,20.701034545898438
f58794,20.117843627929688
f80238,20.0828914642334
f72237,20.06850242614746
f1621,20.026222229003906
f53600,19.952102661132812
f12581,19.827335357666016
f77377,19.767375946044922
f14952,19.684696197509766
f57789,19.63878631591797
f270,19.63395881652832
f88439,19.613916397094727
f34028,19.581836700439453
f47751,19.572383880615234
f32537,19.51611328125
f32874,19.487903594970703
f34195,19.409713745117188
f31869,19.299909591674805
f19512,19.2906494140625
f50938,19.150535583496094
f86235,19.100406646728516
f57643,19.044578552246094
f60663,19.01422882080078
f83046,19.009199142456055
f72568,18.879331588745117
f31167,18.80051612854004
f71916,18.72043800354004
f39011,18.691205978393555
f60825,18.55484962463379
f61286,18.446483612060547
f69904,18.38066864013672
f26082,18.35574722290039
f73625,18.295440673828125
f2109,18.25457763671875
f77664,18.247493743896484
f2303,18.14086151123047
f89946,17.8156681060791
f16308,17.725297927856445
f71897,17.701496124267578
f86236,17.69748306274414
f39714,17.67863655090332
f2300,17.592071533203125
f62648,17.519432067871094
f39237,17.5015811920166
f64651,17.40167999267578
f85727,17.3638858795166
f21669,17.30746841430664
f19514,17.129737854003906
f53942,17.11052131652832
f23497,17.09505844116211
f47575,17.04649543762207
f23492,16.93785858154297
f87915,16.88196563720703
f2614,16.696487426757812
f15620,16.569122314453125
f86452,16.483110427856445
f82225,16.3449764251709
f70406,16.329437255859375
f14278,16.268383026123047
f85877,16.265548706054688
f8,16.247684478759766
f21405,16.139846801757812
f774,16.125267028808594
f29508,16.120891571044922
f934,16.116230010986328
f76339,16.021026611328125
f39378,16.019311904907227
f17158,16.012418746948242
f44224,15.99535846710205
f79853,15.969526290893555
f456,15.958404541015625
f12529,15.898828506469727
f59630,15.843476295471191
f58194,15.716900825500488
f89896,15.698663711547852
f1586,15.605749130249023
f134,15.589141845703125
f6853,15.539285659790039
f6509,15.450786590576172
f2998,15.418449401855469
f15624,15.31292724609375
f40746,15.268545150756836
f77195,15.11291790008545
f44893,15.065715789794922
f48428,14.969402313232422
f5,14.964153289794922
f84248,14.772305488586426
f30184,14.746050834655762
f80070,14.647674560546875
f59315,14.608437538146973
f289,14.537147521972656
f80218,14.329778671264648
f43889,14.313112258911133
f89452,14.216429710388184
f35106,13.923796653747559
f46744,13.866972923278809
f84224,13.852092742919922
f49263,13.845314025878906
f46599,13.828949928283691
f57952,13.818325996398926
f73265,13.782853126525879
f11718,13.73317813873291
f74429,13.653194427490234
f14283,13.547454833984375
f23516,13.505735397338867
f23523,13.392563819885254
f9350,13.37051010131836
f8020,13.274857521057129
f58172,13.232392311096191
f90731,13.163993835449219
f53415,13.14089298248291
f146,12.976028442382812
f105,12.82956314086914
f19166,12.798986434936523
f118,12.75044059753418
f9361,12.680074691772461
f58650,12.617049217224121
f59295,12.598024368286133
f1466,12.57440185546875
f7346,12.552003860473633
f50124,12.536299705505371
f7036,12.500129699707031
f30854,12.314155578613281
f84748,12.264842987060547
f3766,12.112014770507812
f11740,12.077061653137207
f153,11.952886581420898
f29340,11.89077377319336
f72921,11.804770469665527
f8860,11.801763534545898
f54281,11.734848022460938
f62344,11.636085510253906
f316,11.633783340454102
f314,11.566650390625
f46437,11.374844551086426
f2334,11.333517074584961
f72,11.304428100585938
f74,11.161869049072266
f68411,11.1365385055542
f85941,11.120922088623047
f27138,11.084327697753906
f43931,11.071808815002441
f31862,11.052772521972656
f61305,10.989686965942383
f1951,10.943328857421875
f19177,10.849556922912598
f38173,10.82487678527832
f54612,10.800971031188965
f69059,10.744773864746094
f50302,10.710848808288574
f79714,10.566385269165039
f75434,10.565362930297852
f79682,10.562334060668945
f20850,10.556177139282227
f459,10.543647766113281
f20513,10.468460083007812
f42570,10.465933799743652
f20998,10.457467079162598
f292,10.4571533203125
f1297,10.429594993591309
f7330,10.427071571350098
f918,10.382156372070312
f68746,10.332733154296875
f141,10.33108139038086
f21719,10.239818572998047
f52770,10.094771385192871
f88296,10.07772445678711
f11743,9.968973159790039
f2985,9.965365409851074
f52114,9.929691314697266
f32872,9.85479736328125
f1305,9.820128440856934
f32988,9.7677001953125
f76666,9.753154754638672
f24697,9.702479362487793
f45567,9.685345649719238
f54475,9.63158893585205
f84676,9.579055786132812
f294,9.561594009399414
f16961,9.52538776397705
f85949,9.503273010253906
f73239,9.436909675598145
f9004,9.434005737304688
f42562,9.410741806030273
f94,9.367497444152832
f50818,9.306819915771484
f40213,9.29328727722168
f80523,9.293066024780273
f119,9.229158401489258
f126,9.191959381103516
f3469,9.165271759033203
f148,9.049297332763672
f69058,8.945122718811035
f1632,8.79631233215332
f2006,8.751283645629883
f122,8.7493896484375
f20376,8.722616195678711
f86587,8.710994720458984
f5311,8.701744079589844
f87441,8.584663391113281
f988,8.551885604858398
f53485,8.536710739135742
f35904,8.532541275024414
f455,8.442838668823242
f69,8.2987060546875
f60489,8.273568153381348
f1973,8.185654640197754
f111,8.169262886047363
f39179,8.038134574890137
f6175,8.014270782470703
f10920,7.845834732055664
f107,7.786667823791504
f963,7.673210620880127
f1,7.603316783905029
f263,7.50927734375
f17804,7.466320037841797
f3487,7.285577774047852
f51683,7.274925231933594
f2161,7.2290191650390625
f55276,7.124634742736816
f83062,7.023883819580078
f29509,6.9619598388671875
f2114,6.943878173828125
f32519,6.881610870361328
f14780,6.843711853027344
f798,6.8084716796875
f652,6.766643524169922
f1818,6.643815994262695
f5667,6.470542907714844
f49429,6.376034736633301
f124,6.3622941970825195
f1160,6.185446739196777
f144,6.175361633300781
f32658,6.000959396362305
f262,5.961065292358398
f37238,5.822253227233887
f65370,5.6592254638671875
f53244,5.413654327392578
f72111,5.412476539611816
f15305,5.3159942626953125
f301,5.263683319091797
f23202,5.238378524780273
f8212,5.223255157470703
f7992,5.118373870849609
f68554,5.087085723876953
f143,4.727832794189453
f43750,4.726654052734375
f2468,4.630741119384766
f6196,4.613183975219727
f18986,4.5886945724487305
f83360,4.5842084884643555
f15120,4.330085754394531
f10011,4.298774719238281
f628,4.276827812194824
f86904,4.193305969238281
f8855,4.1727294921875
f31198,4.065126419067383
f11880,3.995530128479004
f71,3.9953293800354004
f17299,3.9007022380828857
f626,3.8526229858398438
f54084,3.787327766418457
f42068,3.7625732421875
f499,3.690305709838867
f92,3.6793651580810547
f96,3.656949996948242
f128,3.5925328731536865
f290,3.5291454792022705
f1811,3.496631622314453
f259,3.4114205837249756
f78839,3.3823776245117188
f1106,2.9378232955932617
f38528,2.9249091148376465
f2,2.8606879711151123
f25,2.6869606971740723
f28321,2.6172657012939453
f470,2.578700065612793
f32056,2.5644969940185547
f2495,2.5510787963867188
f2476,2.4917259216308594
f2984,2.4543685913085938
f469,2.4299745559692383
f2623,2.2985305786132812
f580,2.29193115234375
f32028,2.196957588195801
f1631,2.122739791870117
f173,2.105372667312622
f3192,2.0076823234558105
f102,1.985321044921875
f431,1.7839101552963257
f2862,1.7556687593460083
f88,1.706512451171875
f1688,1.601280927658081
f75,1.5821218490600586
f267,1.5563783645629883
f6792,1.342219352722168
f97,1.2620508670806885
f89,1.2157821655273438
f13062,1.0486931800842285
f1642,1.0370159149169922
f461,1.0279788970947266
f309,1.0195016860961914
f447,0.7135605812072754
f1512,0.6859817504882812
f2688,0.6652320623397827
f2165,0.6116676330566406
f70,0.5855121612548828
f121,0.5119180679321289
f79,0.4878532886505127
f243,0.4424065351486206
f2974,0.4026451110839844
f295,0.390653133392334
f93,0.22491455078125
f317,0.2091066837310791
f78,0.19257736206054688
f2645,0.15099334716796875
