time_period,11,55,1,29,88,68,38,43,59,6
2016-03-08 14:00:00,723.80164,786.2958,661.6387,401.01282,253.5066,475.59073,385.36914,459.47604,522.9557,387.6519
2016-03-08 15:00:00,667.037,669.16113,599.966,362.66486,247.02432,412.3943,371.03195,406.04047,584.5889,364.73663
2016-03-08 16:00:00,598.0963,605.19025,494.4356,322.48633,255.79031,364.98096,343.91504,356.13483,513.07336,367.74225
2016-03-08 17:00:00,731.9536,764.46484,724.9829,363.76874,324.23343,430.33173,377.71542,594.80084,532.06177,457.4709
2016-03-08 18:00:00,923.4997,1020.61255,1070.8512,537.2251,494.87827,632.75934,584.0293,712.381,563.68964,658.9506
2016-03-08 19:00:00,918.42395,956.95154,1049.8853,582.2511,512.2162,609.90326,646.4061,746.89124,471.61166,655.9193
2016-03-08 20:00:00,766.5608,873.4681,1079.1421,552.74536,535.221,586.3308,612.1431,644.6978,341.42206,625.61115
2016-03-08 21:00:00,852.19745,789.8955,1116.0549,599.67535,777.8027,605.9178,543.99976,651.76605,258.12784,654.6051
2016-03-08 22:00:00,821.8092,529.29083,797.74445,546.64355,758.50916,627.90826,449.37985,465.24524,154.69661,586.2429
2016-03-08 23:00:00,507.16922,330.405,459.02072,445.55148,529.8009,459.6382,304.9807,268.54733,85.74779,415.84247
2016-03-09 00:00:00,414.3382,202.70903,300.1744,294.46088,339.3814,250.58578,176.38094,152.44508,47.42475,261.8192
2016-03-09 01:00:00,146.43867,94.57821,129.02676,169.821,173.23831,147.43906,95.34753,112.080864,17.876707,146.49222
2016-03-09 02:00:00,87.23932,57.44647,87.39342,91.51148,144.62517,105.46003,51.246925,54.905163,13.411667,86.73638
2016-03-09 03:00:00,61.31846,30.3381,54.897686,66.402565,116.570305,62.652096,31.798355,35.4811,10.109579,54.444805
2016-03-09 04:00:00,71.56573,22.688465,50.242947,76.56889,98.330505,54.967358,34.294582,46.744984,15.87357,67.618355
2016-03-09 05:00:00,215.91034,28.857971,64.31693,285.0584,82.69222,56.886288,58.6702,77.915886,59.171684,49.349445
2016-03-09 06:00:00,828.286,86.22008,155.30829,785.8182,152.89966,158.07846,200.41197,208.49922,229.7667,113.77368
2016-03-09 07:00:00,1038.0221,219.7738,310.8598,781.0061,298.56198,309.742,339.40988,384.1571,543.24225,208.47083
2016-03-09 08:00:00,945.2231,297.89276,451.23926,646.0705,392.39627,459.4785,400.33545,540.8639,593.0557,327.3601
2016-03-09 09:00:00,971.95,414.52463,469.61322,589.7331,349.66772,402.87674,395.79663,474.658,496.76242,292.23874
2016-03-09 10:00:00,862.21893,491.04376,481.5473,475.7897,300.90756,380.27567,342.20667,391.0349,448.91266,290.2164
2016-03-09 11:00:00,785.15894,577.27045,552.0112,429.04587,313.6325,397.87363,333.5686,420.2429,438.8127,323.87445
2016-03-09 12:00:00,820.3117,735.79297,644.9445,447.24606,294.3795,464.25583,392.98184,468.0713,459.95316,358.4746
2016-03-09 13:00:00,770.39355,756.2697,641.0112,411.48373,272.0739,416.31088,386.75122,447.67566,450.09964,342.34326
2016-03-09 14:00:00,742.30347,813.25616,674.69,421.65677,273.1269,475.2675,383.4393,454.44995,541.853,395.92078
2016-03-09 15:00:00,709.86725,701.31793,580.79517,384.19766,246.66248,433.29852,369.19275,428.99118,558.5352,374.9116
2016-03-09 16:00:00,619.13837,593.6916,519.0165,328.98764,262.96893,354.25882,354.99252,382.45776,496.3802,354.81097
2016-03-09 17:00:00,825.47437,866.52997,755.0109,397.67133,347.6511,481.46854,420.00006,600.75745,548.766,484.09506
2016-03-09 18:00:00,905.811,981.9745,890.41254,552.4566,516.0146,647.81683,572.2523,749.45404,615.1209,623.97375
2016-03-09 19:00:00,970.4698,985.6243,991.58295,581.6191,534.3891,597.7078,622.0478,715.1285,492.69122,644.7064
2016-03-09 20:00:00,850.96375,825.84766,1035.3092,542.17706,519.9721,606.35126,633.1339,684.45593,370.60626,618.94525
2016-03-09 21:00:00,830.16675,741.60736,1079.7609,563.563,743.23755,572.54846,579.6923,625.2432,283.57574,584.0001
2016-03-09 22:00:00,849.4598,608.86865,841.13965,574.17957,780.8364,602.7678,471.62,476.38412,206.43974,615.0432
2016-03-09 23:00:00,478.80896,325.5374,512.76886,430.46118,589.6952,522.14954,344.89725,266.63428,84.611626,443.91998
2016-03-10 00:00:00,344.4501,210.80437,325.13736,319.30664,411.85095,385.84402,283.52567,187.27597,49.199566,285.74023
2016-03-10 01:00:00,227.50897,134.37024,168.30318,195.24147,244.58914,219.05487,142.69409,123.63583,28.942507,148.48358
2016-03-10 02:00:00,106.58072,69.27453,93.876305,113.97825,169.30074,135.64395,66.675545,61.121098,12.45594,102.66757
2016-03-10 03:00:00,72.29285,44.97767,59.42795,73.44046,114.109955,76.664856,43.55856,36.94749,12.258999,64.42062
2016-03-10 04:00:00,110.6688,25.972374,55.28969,74.85961,96.50244,57.512203,35.477222,37.02224,15.749078,76.64475
2016-03-10 05:00:00,190.00745,30.06431,59.34072,247.98352,85.34793,58.938343,56.8015,77.857124,54.25764,60.71079
2016-03-10 06:00:00,830.218,95.42652,174.59978,755.72546,170.85077,146.98685,202.4345,210.90524,223.66547,113.01019
2016-03-10 07:00:00,1050.176,239.63487,333.81152,776.53986,280.83096,306.4312,364.64462,400.78244,491.2651,213.36261
2016-03-10 08:00:00,914.6834,303.86716,440.37015,645.51434,353.31705,461.1417,427.78845,535.2534,642.1971,292.38507
2016-03-10 09:00:00,949.34045,380.59448,461.083,601.33356,352.4183,416.24673,413.02515,438.71692,498.3728,286.52237
2016-03-10 10:00:00,906.37036,475.06314,477.74512,471.85056,308.3267,380.41644,351.2279,382.1304,459.9955,298.15906
2016-03-10 11:00:00,830.3425,605.0839,572.3123,426.897,307.98383,404.5718,373.88846,448.2914,426.32135,333.736
2016-03-10 12:00:00,829.9898,715.5781,649.6759,441.29855,311.1273,442.364,377.39877,474.4671,495.21008,351.25452
2016-03-10 13:00:00,825.45416,837.32697,670.68304,465.85626,306.4805,470.2029,429.6576,481.0767,476.87158,375.4062
2016-03-10 14:00:00,780.0262,917.67554,671.6563,440.14603,294.59756,481.3687,421.9435,483.36786,516.4085,477.23428
2016-03-10 15:00:00,795.9914,746.0885,656.8334,409.75592,281.51376,440.90552,388.32355,448.4545,623.5553,406.57474
2016-03-10 16:00:00,661.3501,593.7048,520.1448,338.15115,260.0857,368.80475,348.80713,404.21567,511.221,391.3367
2016-03-10 17:00:00,778.82477,715.08405,684.847,370.96716,344.8914,437.74124,404.4448,598.23883,523.99335,436.98642
2016-03-10 18:00:00,902.05225,981.6247,904.42224,542.1102,476.24182,605.65875,586.19104,733.7401,585.31055,625.4731
2016-03-10 19:00:00,978.19714,968.2103,976.4257,536.49054,536.6807,580.44617,614.0664,759.0426,481.7612,678.1315
2016-03-10 20:00:00,956.41486,845.4275,1002.15985,582.41754,529.2873,619.41833,642.9031,674.4485,368.75546,614.1084
2016-03-10 21:00:00,869.4765,681.9754,961.43964,581.812,730.046,612.8345,576.68787,648.83734,284.76422,523.7774
2016-03-10 22:00:00,930.8442,611.8641,808.7734,592.4349,824.06024,632.53406,512.7811,548.5763,226.21808,561.7418
2016-03-10 23:00:00,681.29865,349.3371,574.71497,452.62012,685.41534,572.33734,409.9099,415.82962,170.20035,518.1485
2016-03-11 00:00:00,436.05945,254.89778,426.87903,365.3773,537.4448,463.02365,288.65387,302.28647,63.79123,398.08182
2016-03-11 01:00:00,281.46182,167.56203,153.34363,259.72003,338.21094,365.50354,255.13068,134.46101,34.790443,218.00746
2016-03-11 02:00:00,157.16628,108.62438,103.09431,195.82298,218.99753,188.1167,111.93506,115.36292,20.874111,120.13867
2016-03-11 03:00:00,80.3677,86.75323,71.64152,101.04173,154.05101,126.17303,52.409622,50.97536,11.683924,81.78158
2016-03-11 04:00:00,86.78583,51.16232,62.443756,95.86363,126.08967,86.20382,40.974422,49.663815,13.058843,79.3809
2016-03-11 05:00:00,191.54498,39.451378,62.938953,237.54384,89.79227,85.786316,47.549652,59.461548,38.725456,55.976536
2016-03-11 06:00:00,755.5734,93.63432,160.10721,698.2738,154.97803,156.71779,190.90416,197.8153,205.9527,101.92099
2016-03-11 07:00:00,949.95825,218.09343,280.71198,713.3789,283.55823,300.95013,331.74805,371.44724,462.873,196.032
2016-03-11 08:00:00,878.5989,288.7097,392.9663,630.934,338.2034,437.89215,393.8839,489.03543,595.31885,269.69516
2016-03-11 09:00:00,903.85406,371.53955,423.5942,584.84607,356.87964,412.5913,414.11548,447.00894,506.53595,294.51462
2016-03-11 10:00:00,861.8207,454.9104,451.19327,453.09668,313.09213,374.18192,374.31534,417.21823,486.2631,302.73343
2016-03-11 11:00:00,820.79297,615.37384,563.70544,448.4577,312.70746,413.52075,374.61047,444.9051,512.05817,335.09323
2016-03-11 12:00:00,845.4555,783.306,647.7007,460.11832,333.741,468.83655,406.49603,483.54736,493.88483,389.70767
2016-03-11 13:00:00,781.00165,795.04626,638.5274,405.5781,312.56573,455.10428,413.94424,449.55594,475.76636,357.7963
2016-03-11 14:00:00,832.645,813.7278,661.6921,427.40372,336.0007,482.38766,428.75473,472.03482,542.2008,409.2279
2016-03-11 15:00:00,749.6839,735.69006,603.6672,382.45044,267.73273,441.02844,392.6062,453.94327,588.1791,372.25806
2016-03-11 16:00:00,629.49744,638.0152,553.45654,339.45053,255.10301,361.93466,352.1827,421.6979,501.017,358.9024
2016-03-11 17:00:00,723.0017,729.6345,627.864,345.36438,321.65378,418.2381,377.54666,577.16583,494.24414,412.20392
2016-03-11 18:00:00,933.43665,915.971,756.3947,535.40643,469.97726,580.824,572.5429,715.5875,568.8905,554.17566
2016-03-11 19:00:00,1099.7762,787.1121,837.1101,592.08545,535.3471,626.1525,624.2968,673.3801,488.96298,623.5304
2016-03-11 20:00:00,1004.80646,649.3116,836.74,563.6591,557.7116,603.18134,653.61804,659.99506,400.4229,544.8222
2016-03-11 21:00:00,1038.8234,483.69458,631.6724,572.1673,644.74414,605.9282,582.02106,591.159,292.97403,487.69147
2016-03-11 22:00:00,1083.799,452.26144,573.9856,585.9212,826.4969,672.6439,570.9122,510.90372,283.17523,510.70465
2016-03-11 23:00:00,881.2343,433.44943,484.45477,579.2449,820.88763,685.6872,560.6451,467.1245,205.62837,459.3109
2016-03-12 00:00:00,739.8891,315.3476,357.8042,503.7815,692.99316,664.4448,500.57648,346.23795,117.79864,357.0986
2016-03-12 01:00:00,498.6559,193.70699,196.24048,426.05792,590.8571,557.83966,416.03455,295.8377,72.600975,263.4987
2016-03-12 02:00:00,308.79193,172.30809,114.76243,292.82233,462.2719,426.14297,277.64853,169.84938,40.90568,187.99884
2016-03-12 03:00:00,191.32573,142.56447,73.493935,215.49011,367.6753,352.55463,172.08374,116.59141,20.395521,115.51756
2016-03-12 04:00:00,139.76216,83.41636,70.231674,151.19608,262.55295,216.81218,93.6508,69.341774,17.25507,110.948
2016-03-12 05:00:00,165.51974,38.43497,68.185265,145.72945,107.720634,149.64516,70.36986,71.924324,30.854906,58.47937
2016-03-12 06:00:00,269.40826,45.34887,69.055,182.96709,77.40873,74.02679,65.469154,78.08112,79.22646,36.693684
2016-03-12 07:00:00,284.70386,78.94009,129.00331,232.00797,149.39453,128.33797,118.70802,118.10367,176.02686,82.78539
2016-03-12 08:00:00,367.17813,110.92882,171.12154,301.7452,276.65494,136.37053,182.57404,151.76178,252.66064,139.64693
2016-03-12 09:00:00,534.73035,190.76013,269.1049,378.04572,312.49417,260.92035,293.06454,215.50612,310.76163,195.01389
2016-03-12 10:00:00,708.6933,326.54462,389.92416,383.95523,364.8503,304.45322,377.28778,288.28397,422.91766,281.5745
2016-03-12 11:00:00,851.28174,460.62006,448.65527,449.11835,436.0233,345.5544,421.0322,360.01074,473.20953,310.0409
2016-03-12 12:00:00,954.1807,609.2493,542.7911,465.50552,399.8793,398.80768,478.85205,444.17334,550.91797,324.88263
2016-03-12 13:00:00,961.83844,631.94543,438.12442,442.72894,361.3268,421.0371,508.66415,384.58087,503.35526,311.9174
2016-03-12 14:00:00,889.2021,733.3708,526.4805,434.1981,342.13995,402.2928,440.92975,370.39078,461.8861,334.42737
2016-03-12 15:00:00,790.6859,723.15326,453.81647,387.6306,348.22137,413.31116,440.84195,346.724,466.7802,316.3555
2016-03-12 16:00:00,835.695,738.2498,525.61084,431.07077,430.89426,400.5757,442.46182,361.92734,465.6294,357.53137
2016-03-12 17:00:00,793.49945,704.1935,554.7136,417.53714,431.42352,434.55014,453.02905,434.83795,403.5237,376.30258
2016-03-12 18:00:00,990.19824,774.44543,656.2384,500.35614,470.22128,515.93964,564.6771,481.60324,521.97095,438.15286
2016-03-12 19:00:00,1011.3661,647.12146,609.229,544.37744,502.63895,555.8812,595.91754,471.61172,509.67435,437.99884
2016-03-12 20:00:00,1039.7435,445.12946,523.38983,522.75214,489.02997,529.3477,562.89264,447.04865,350.91583,412.55685
2016-03-12 21:00:00,1054.3228,388.14435,433.68866,561.03577,580.77295,543.5664,517.35626,387.50803,303.91464,344.72867
2016-03-12 22:00:00,1074.4823,350.0035,471.53278,570.69543,748.96783,537.41296,521.6594,398.45895,265.39218,483.46585
2016-03-12 23:00:00,863.60547,331.8564,449.09738,554.60504,800.22644,664.36945,568.11456,403.32767,228.86409,457.18106
2016-03-13 00:00:00,548.8306,294.36752,353.9202,514.6174,761.2124,622.27826,535.11584,311.20355,156.35892,359.4563
2016-03-13 01:00:00,347.13922,193.03493,177.55843,390.30432,710.0469,580.881,416.49844,211.41187,91.512596,265.569
2016-03-13 02:00:00,272.40088,163.26321,146.56718,321.515,551.9123,479.892,296.8495,164.61165,42.41969,205.18243
2016-03-13 03:00:00,80.9483,28.4215,25.06311,38.329525,111.95909,45.86086,33.852417,28.812454,4.4078074,59.72337
2016-03-13 04:00:00,238.84438,133.91693,105.5342,329.7967,421.00854,408.36987,233.27626,155.82806,30.608011,148.66183
2016-03-13 05:00:00,315.45102,98.664,67.72569,298.03738,322.20917,231.42795,132.37743,96.99747,45.999065,123.050644
2016-03-13 06:00:00,248.38306,41.350914,75.18473,263.18747,112.575005,116.71372,76.551926,74.067795,70.83793,83.363464
2016-03-13 07:00:00,206.18428,58.773335,109.39196,199.49019,155.15399,107.09079,83.199005,112.6035,138.52435,103.17795
2016-03-13 08:00:00,307.74625,83.16582,153.45483,192.33559,202.3713,113.59385,117.971924,108.98866,109.517365,131.19763
2016-03-13 09:00:00,277.78757,154.29802,228.60992,261.2094,331.92358,149.03296,161.58537,147.16263,183.16272,198.1363
2016-03-13 10:00:00,554.4426,244.47252,348.24884,378.01047,360.03796,247.40895,319.54007,281.6587,355.19778,288.59872
2016-03-13 11:00:00,748.85895,372.0877,445.88312,395.91968,398.8065,357.3832,372.34167,366.14474,427.29425,346.17365
2016-03-13 12:00:00,944.44135,478.78204,510.92844,438.1044,397.29904,386.49118,399.25458,410.4537,451.83804,383.53302
2016-03-13 13:00:00,903.0774,547.86053,466.9804,438.2386,435.96432,372.0047,418.72162,392.57227,527.10736,333.39755
2016-03-13 14:00:00,805.089,509.51727,357.15237,385.987,324.46478,351.6691,387.04025,312.705,417.012,285.72452
2016-03-13 15:00:00,856.5051,562.2752,367.502,377.91992,376.8844,380.3382,411.90195,294.64456,405.98752,290.9271
2016-03-13 16:00:00,823.9146,509.30432,411.46402,408.64673,377.51178,359.40155,423.68808,295.61905,466.7781,310.21075
2016-03-13 17:00:00,889.3507,633.87695,436.55215,404.24597,468.92377,364.369,375.10043,384.43207,435.16867,338.31317
2016-03-13 18:00:00,961.9717,586.54407,545.5597,438.67334,517.28546,425.34213,463.99512,413.34128,420.2518,403.92712
2016-03-13 19:00:00,956.1467,404.59448,469.06992,429.4366,465.53912,382.42133,426.49884,332.31973,298.44897,389.03964
2016-03-13 20:00:00,1032.2334,329.99612,356.23877,416.3142,483.79724,346.59634,363.96936,310.5527,205.71118,275.23642
2016-03-13 21:00:00,955.5635,278.1742,276.37854,395.96414,470.2853,362.95667,304.316,291.7355,194.00735,290.39005
2016-03-13 22:00:00,940.80835,189.51756,217.29298,428.81995,549.5205,309.5586,281.4458,206.56458,138.33833,228.5602
2016-03-13 23:00:00,518.4465,161.31982,136.09242,340.6122,401.93845,238.12584,201.51056,132.55453,90.18589,137.16603
2016-03-14 00:00:00,319.3559,124.71919,93.77993,224.74036,224.34615,142.85178,132.00748,96.64413,46.409748,123.369514
2016-03-14 01:00:00,93.509476,54.6926,62.95593,94.06141,130.00868,101.3079,59.59711,47.74062,18.163637,82.59988
2016-03-14 02:00:00,101.54603,37.431454,47.83257,89.19726,119.07104,86.98197,56.33567,37.339867,15.875297,59.868366
2016-03-14 03:00:00,86.67693,21.274973,35.89404,68.0344,96.796875,54.987267,44.403572,32.044033,10.006781,54.998882
2016-03-14 04:00:00,72.19457,18.049376,22.361664,61.18532,93.40215,39.317028,20.792152,31.711664,19.202147,39.22174
2016-03-14 05:00:00,149.71956,25.003769,43.81538,263.60324,89.9985,43.039135,51.09713,69.72861,70.235886,49.283085
2016-03-14 06:00:00,833.5407,71.73338,117.6781,714.43604,137.40121,142.42982,192.19815,186.9839,218.30457,99.690155
2016-03-14 07:00:00,1017.40735,201.19383,245.73004,706.9902,250.937,269.71793,322.54633,357.84824,438.05383,194.56795
2016-03-14 08:00:00,892.96643,274.80426,347.0035,605.6529,325.95813,384.68402,337.11545,442.00473,511.94418,288.3959
2016-03-14 09:00:00,888.8117,425.20828,543.41675,572.5447,331.74408,440.23178,382.92627,453.27588,469.73132,319.32053
2016-03-14 10:00:00,847.30615,476.7611,435.33975,474.23645,324.42825,395.93814,349.74686,408.0461,427.85294,318.24152
2016-03-14 11:00:00,795.8851,591.9721,441.87076,455.85324,303.79,405.22842,355.52206,406.83978,426.30878,340.52216
2016-03-14 12:00:00,812.759,635.42554,533.67004,427.42358,322.5528,423.86414,382.048,427.8746,454.59036,346.99915
2016-03-14 13:00:00,802.2664,705.1823,527.7743,413.50208,291.2712,420.3951,367.41315,379.7754,444.8404,364.35587
2016-03-14 14:00:00,744.7864,811.03455,578.78876,433.95178,303.2402,450.1164,428.74014,454.56546,570.15283,388.1743
2016-03-14 15:00:00,844.4376,688.2336,544.45605,419.2234,294.98184,456.3939,410.4862,434.26764,622.8275,371.9303
2016-03-14 16:00:00,711.5513,630.4167,519.19806,384.95563,268.73297,421.97748,347.74347,399.9203,527.8823,372.92633
2016-03-14 17:00:00,815.9482,851.3042,748.96484,424.82452,343.2111,513.9591,427.55725,591.06805,565.0547,483.25015
2016-03-14 18:00:00,945.72504,957.03595,1043.4456,541.7771,489.72833,573.106,551.16736,744.4625,532.20966,623.6799
2016-03-14 19:00:00,883.895,905.8623,1021.2979,559.19885,503.53583,617.6051,543.74536,706.27936,474.60556,619.03314
2016-03-14 20:00:00,814.7112,867.7939,1013.24567,552.97174,556.1997,575.5821,579.43134,626.79846,340.10742,636.7995
2016-03-14 21:00:00,792.8633,760.8037,1038.612,521.9642,615.67285,570.7171,497.32455,606.8692,276.00906,623.7992
2016-03-14 22:00:00,772.1315,547.9933,783.73517,502.49176,537.54724,478.87396,383.88858,459.9573,260.45422,512.65533
2016-03-14 23:00:00,381.96426,340.68054,475.54868,350.52927,368.90155,346.702,309.90753,258.21753,79.87778,382.1184
2016-03-15 00:00:00,227.09027,187.53833,313.65607,245.24136,339.123,213.74861,155.22191,158.06573,41.880222,257.98325
2016-03-15 01:00:00,103.98697,70.26486,157.26964,122.59925,163.29459,113.87849,53.731747,80.23244,18.305447,141.07634
2016-03-15 02:00:00,77.88593,42.281242,88.518295,83.13711,137.7429,91.55024,45.816093,45.549595,8.676811,69.9514
2016-03-15 03:00:00,64.28628,24.276852,47.373184,72.18762,105.602005,47.598667,32.667477,28.636408,10.859674,55.503304
2016-03-15 04:00:00,100.96457,19.432144,54.86999,80.22707,118.311325,43.888027,36.380585,42.024178,18.083511,72.55622
2016-03-15 05:00:00,234.10223,31.486313,68.74588,299.6951,93.91441,49.00289,59.192955,72.400696,61.619904,59.800343
2016-03-15 06:00:00,836.2283,89.10567,168.32974,750.5493,173.00354,157.83327,205.39246,214.6616,256.4655,113.28858
2016-03-15 07:00:00,1051.4852,233.28552,336.52478,768.0717,305.31152,332.70212,369.2042,423.26877,540.0761,249.29025
2016-03-15 08:00:00,909.3138,328.25497,432.84598,663.57806,383.90332,483.53784,441.53256,577.89044,619.08124,318.3165
2016-03-15 09:00:00,1086.3971,437.67096,441.98135,685.61346,335.2643,451.14023,414.27988,476.29034,513.0417,311.39304
2016-03-15 10:00:00,934.59607,509.9236,455.27975,519.499,309.29074,393.43164,354.1909,414.9112,503.41595,341.1995
2016-03-15 11:00:00,824.97723,624.79736,570.34064,456.3114,325.7498,420.74066,370.2382,454.23355,438.89087,374.67352
2016-03-15 12:00:00,846.70856,778.9502,610.0747,445.85654,318.71472,474.59454,362.78998,490.65668,467.51266,411.50482
2016-03-15 13:00:00,827.8301,880.1878,635.39246,436.87592,298.9137,470.20963,399.73203,472.2348,489.91068,414.37842
2016-03-15 14:00:00,752.4383,938.7737,706.2735,438.87686,295.75925,524.1206,431.47318,507.7821,536.20496,442.16116
2016-03-15 15:00:00,728.6251,749.5472,618.94214,374.8529,284.85626,469.65884,406.15012,463.74188,647.30865,434.85236
2016-03-15 16:00:00,683.30817,630.1518,529.9594,334.55435,276.37637,412.61813,394.17993,424.79312,564.52734,411.16632
2016-03-15 17:00:00,794.0963,915.8822,743.4704,399.38373,343.86774,471.88968,450.49252,594.0599,596.8454,467.23187
2016-03-15 18:00:00,910.7305,1000.6343,943.05035,559.897,471.49878,635.12714,561.1147,730.9667,661.74634,627.15955
2016-03-15 19:00:00,967.08606,1022.7481,1133.384,597.1234,513.1973,647.80536,664.5935,752.35,494.20837,644.77045
2016-03-15 20:00:00,832.908,922.9626,1126.3457,539.5412,540.51,623.839,624.4849,706.7807,412.55048,649.9711
2016-03-15 21:00:00,861.62787,840.2117,1133.7203,553.47266,711.51794,573.22504,582.3103,660.04974,339.32312,647.145
2016-03-15 22:00:00,786.10425,684.344,888.4544,547.55054,747.25073,559.4212,479.9038,477.09518,200.18427,603.49915
2016-03-15 23:00:00,513.9805,362.55478,566.3965,433.6991,554.75964,431.13336,327.76382,319.7648,94.77113,487.27887
2016-03-16 00:00:00,376.47534,219.9634,313.08417,325.24203,410.48926,360.12595,231.98761,213.16759,47.070198,291.3519
2016-03-16 01:00:00,200.1472,134.71913,189.34134,193.25996,228.95229,166.70929,119.624115,134.24911,31.599403,159.05373
2016-03-16 02:00:00,101.43308,62.52749,97.20181,94.61811,154.023,120.57277,67.78453,68.024086,13.2672825,95.27626
2016-03-16 03:00:00,58.742157,52.928368,59.26102,67.26933,124.17722,80.56556,35.74527,38.24164,11.011316,63.3885
2016-03-16 04:00:00,93.76417,27.46564,55.436733,86.27733,103.19564,50.552074,35.71475,35.339363,16.779795,80.23286
2016-03-16 05:00:00,224.66751,29.540108,56.48879,285.58124,86.0498,61.864197,58.32816,71.48072,49.88156,60.54558
2016-03-16 06:00:00,839.5604,87.55024,167.54625,759.4624,164.12773,156.52734,203.52693,216.15886,244.14903,123.567276
2016-03-16 07:00:00,995.5949,210.71486,271.0649,785.7406,290.71997,311.94907,342.35233,384.9048,524.01904,216.41934
2016-03-16 08:00:00,944.7333,329.0283,424.81906,628.03754,376.5679,451.41776,396.69498,507.82364,606.31616,317.71722
2016-03-16 09:00:00,980.2043,429.53418,443.39838,627.1176,342.0916,431.1856,421.25912,467.3232,541.7704,328.37717
2016-03-16 10:00:00,870.2279,471.5744,465.02274,493.9282,301.78342,418.87723,407.5532,429.07513,472.12994,322.81464
2016-03-16 11:00:00,800.234,608.5082,577.0152,456.0171,300.7398,428.33688,376.4224,454.1482,450.8695,352.532
2016-03-16 12:00:00,852.9266,741.7625,630.2055,468.7737,289.95413,465.12878,375.28384,483.05234,462.274,373.86215
2016-03-16 13:00:00,828.9786,774.3445,633.51135,455.3407,279.4574,464.71527,392.785,472.85248,425.71967,374.3435
2016-03-16 14:00:00,780.501,875.47284,677.5538,441.3074,282.36438,484.90582,414.19302,471.92447,501.40237,419.91818
2016-03-16 15:00:00,727.85443,745.37036,610.3109,388.72614,273.3866,467.99786,375.8008,481.58597,634.877,424.45758
2016-03-16 16:00:00,670.1142,627.7742,522.0288,363.8866,291.2198,408.31598,363.87256,424.36646,550.113,383.02267
2016-03-16 17:00:00,733.3198,730.9468,672.0055,374.71512,359.6733,433.35858,392.6758,591.5716,522.1172,424.7033
2016-03-16 18:00:00,891.1196,993.8706,871.7161,534.27423,490.05756,583.21204,607.6535,750.0591,613.7571,602.90704
2016-03-16 19:00:00,1049.6359,977.33606,909.4243,607.732,564.8589,611.05145,672.5057,696.8106,548.7863,664.62506
2016-03-16 20:00:00,900.03265,884.7001,996.4409,552.17535,520.09705,621.9591,639.46313,682.992,418.40652,633.7431
2016-03-16 21:00:00,766.35187,851.41,1114.3965,586.6078,688.7135,595.5056,581.8195,696.1025,333.23978,618.55707
2016-03-16 22:00:00,837.1167,684.7394,970.62164,564.11615,827.2184,617.62744,509.13245,591.4484,218.02307,655.0811
2016-03-16 23:00:00,536.36847,351.88416,500.6355,500.04764,683.747,521.2455,379.9036,338.718,92.93378,518.66766
2016-03-17 00:00:00,338.38846,208.37651,365.00223,310.87445,450.9131,370.03195,252.6264,243.95244,66.99908,335.97952
2016-03-17 01:00:00,184.0215,164.86339,177.25778,192.61606,290.54202,177.47115,122.16812,141.26976,39.423992,188.91423
2016-03-17 02:00:00,100.685776,82.04287,97.43132,114.7112,164.81819,120.21868,69.83155,67.57487,10.5767975,112.20167
2016-03-17 03:00:00,58.41725,67.87612,57.232117,71.532715,137.51082,81.50704,40.949993,40.126637,12.541021,76.90734
2016-03-17 04:00:00,109.60062,33.18677,59.194435,81.62839,118.674324,61.247746,40.423405,42.089657,11.736371,80.32021
2016-03-17 05:00:00,220.28043,26.81635,61.27449,245.75864,82.12874,63.212353,57.184795,67.58718,44.02819,55.64607
2016-03-17 06:00:00,800.9955,82.83391,144.3393,732.5421,142.51775,149.72258,197.43533,203.8459,230.71994,115.87152
2016-03-17 07:00:00,981.66486,213.35168,301.26068,785.61194,312.39117,309.0067,336.92767,387.4043,541.20197,221.32263
2016-03-17 08:00:00,867.816,321.62335,419.60123,640.23456,365.05438,429.9411,420.84497,500.39682,577.2544,318.44522
2016-03-17 09:00:00,843.6547,378.7746,431.14276,539.3796,369.6451,404.47772,380.155,461.67355,501.4111,301.03806
2016-03-17 10:00:00,821.7117,444.14185,462.48767,450.22455,300.2178,386.10748,379.63132,395.2838,447.36124,295.87082
2016-03-17 11:00:00,818.4912,466.48697,545.41016,422.57877,297.13168,416.7817,384.1801,442.79556,436.01996,312.2032
2016-03-17 12:00:00,781.67645,537.4072,517.72064,444.17877,303.72937,449.67435,375.63535,471.989,453.56973,306.23032
2016-03-17 13:00:00,831.3072,520.18506,507.1737,387.04373,290.86627,414.90393,379.29675,421.58142,409.09033,325.78293
2016-03-17 14:00:00,805.9207,563.49744,548.0077,432.86606,328.53516,457.35193,404.85803,456.04126,457.4388,381.30438
2016-03-17 15:00:00,773.67175,439.07904,485.17957,401.83652,297.88852,445.46323,378.94806,449.29843,641.33453,351.87067
2016-03-17 16:00:00,640.522,384.5286,403.11438,325.11417,268.6343,363.69318,344.68716,405.36823,458.22635,296.42554
2016-03-17 17:00:00,710.5744,471.1722,516.45404,341.83215,350.11673,406.13477,389.93417,509.0692,420.0354,361.30127
2016-03-17 18:00:00,853.8067,526.00903,551.94135,500.4498,507.17136,499.50662,495.0273,568.2077,554.3773,406.69955
2016-03-17 19:00:00,1086.2875,717.6643,759.22797,596.8087,536.33496,557.1384,582.03265,616.4341,456.70612,564.79114
2016-03-17 20:00:00,979.24493,794.2101,923.34534,563.5237,578.5483,612.7455,621.236,649.43286,393.7535,617.78015
2016-03-17 21:00:00,834.8582,763.8062,933.2819,606.2017,652.8073,640.3395,592.2417,635.16614,319.31723,581.014
2016-03-17 22:00:00,936.8885,542.18524,799.31647,575.1343,819.2444,670.47644,543.13965,582.2031,228.0309,546.4012
2016-03-17 23:00:00,888.2999,387.9487,610.9932,519.36304,738.6235,595.65515,422.691,413.04636,118.85486,540.62427
2016-03-18 00:00:00,516.46124,330.15442,425.38922,421.00342,625.1547,555.5256,330.42743,300.70618,66.89019,377.8889
2016-03-18 01:00:00,324.0221,184.12788,237.04999,335.41718,456.25073,424.40436,266.29904,266.1082,56.458908,267.37823
2016-03-18 02:00:00,154.23549,160.82394,133.13991,190.52368,353.30292,220.4315,137.51852,137.15881,21.92346,154.9031
2016-03-18 03:00:00,105.671,95.561134,81.10122,115.59924,189.9732,151.25067,72.21603,68.07404,14.445076,112.924286
2016-03-18 04:00:00,103.98418,73.90088,55.586784,108.420784,169.80914,99.48924,44.48152,51.45918,10.8777685,83.87955
2016-03-18 05:00:00,176.66957,41.361015,51.302887,193.13577,98.08988,90.88736,46.15761,47.05885,26.426298,70.36265
2016-03-18 06:00:00,661.6875,66.26744,103.278984,552.13715,126.96666,141.23912,151.3117,142.2497,128.53079,89.75542
2016-03-18 07:00:00,937.4456,195.52873,235.18129,709.27704,302.80203,280.36368,319.1516,344.0043,430.9176,183.45877
2016-03-18 08:00:00,884.64685,275.84546,357.38596,603.3307,342.39954,430.49075,397.11655,483.961,552.1753,247.92044
2016-03-18 09:00:00,886.42474,364.33282,406.83417,552.30194,343.10825,404.19766,421.96188,457.51593,526.63184,270.64136
2016-03-18 10:00:00,870.69464,440.91867,447.8134,463.6953,328.21152,377.49023,397.32285,395.0545,473.07715,293.47284
2016-03-18 11:00:00,795.29193,612.74304,546.80505,466.4294,336.1863,413.23758,390.95383,453.84708,449.79404,336.46228
2016-03-18 12:00:00,882.5608,657.2999,574.72876,473.44855,336.50452,454.44925,381.22723,475.68274,452.96005,366.26694
2016-03-18 13:00:00,838.1907,734.17065,615.421,439.1614,334.75848,458.9819,428.34213,465.291,498.06958,360.72708
2016-03-18 14:00:00,778.2631,810.0236,581.9647,424.2404,313.23706,459.8184,407.97485,468.71262,564.62756,358.89633
2016-03-18 15:00:00,800.9728,755.60187,606.7919,418.59283,321.26053,445.01703,425.41486,494.8702,576.9751,365.77142
2016-03-18 16:00:00,717.8905,609.6883,499.9033,359.1947,283.70544,396.70544,367.4187,440.18237,533.68774,327.3155
2016-03-18 17:00:00,703.63214,736.1845,577.0659,337.72546,328.59216,422.9031,352.6994,574.28845,521.4311,360.66705
2016-03-18 18:00:00,938.87683,922.79956,821.97217,504.29834,483.6324,568.8568,552.44037,718.82874,582.8404,587.41864
2016-03-18 19:00:00,1033.1526,859.7043,797.6513,575.1132,507.45084,628.6812,653.6619,715.1256,493.20688,598.8272
2016-03-18 20:00:00,1036.2379,645.02814,766.0583,615.73236,541.9497,628.20526,645.04224,689.78735,373.29428,559.05896
2016-03-18 21:00:00,988.663,402.45334,591.9376,583.7451,619.26355,572.2342,604.4164,597.7571,282.48932,488.10254
2016-03-18 22:00:00,1038.0054,417.82352,509.24136,565.1428,755.9506,627.3738,589.3617,525.04987,263.0972,522.3612
2016-03-18 23:00:00,889.9416,344.3478,430.83597,606.33386,821.03467,728.09326,550.02246,388.85422,147.39145,443.8378
2016-03-19 00:00:00,503.9847,244.80948,349.4584,485.33282,831.28564,687.09644,506.34512,302.09497,100.92994,349.55392
2016-03-19 01:00:00,416.90002,203.70277,213.33981,442.9689,658.38135,627.3372,460.08954,310.61285,73.31367,263.28403
2016-03-19 02:00:00,373.1206,172.02779,118.3308,330.90244,473.10342,476.9757,324.3911,163.37422,44.77576,173.21628
2016-03-19 03:00:00,215.35313,131.76466,79.393166,221.54736,397.29404,337.6275,155.00749,121.422714,27.537258,129.57144
2016-03-19 04:00:00,256.68527,71.90843,71.43206,247.17169,318.44403,217.97165,127.49038,110.66102,19.102415,105.98829
2016-03-19 05:00:00,145.5205,36.50637,73.085945,143.94426,177.99037,140.77332,73.28667,64.671165,33.127403,49.343155
2016-03-19 06:00:00,244.35857,51.573833,86.59415,169.81755,89.54563,75.86332,66.35438,75.56365,79.06546,55.845688
2016-03-19 07:00:00,431.05637,84.94339,130.9966,388.89117,144.88965,125.761055,140.24992,143.43317,142.88255,91.35928
2016-03-19 08:00:00,480.7096,121.89071,176.3533,321.26028,245.84262,130.78357,187.696,135.46724,249.50388,152.58224
2016-03-19 09:00:00,537.7006,184.13156,248.05103,354.7263,340.36545,210.04352,267.28018,227.74057,282.85513,188.2324
2016-03-19 10:00:00,554.51544,318.07642,396.64087,403.44238,376.20398,339.16644,354.13818,338.0291,417.8325,291.10406
2016-03-19 11:00:00,906.68146,440.6263,489.7734,460.03455,426.68524,417.5454,438.41577,449.5963,473.13345,312.37247
2016-03-19 12:00:00,1015.79474,604.6146,520.979,469.64984,432.91592,413.46985,498.99646,415.3557,515.8575,302.05634
2016-03-19 13:00:00,1032.2947,610.4025,463.984,460.6247,392.46024,421.6,539.9102,403.2701,496.5093,291.21057
2016-03-19 14:00:00,957.6971,651.3555,462.8615,442.67737,369.92255,422.9485,517.64545,363.88434,477.98755,280.96103
2016-03-19 15:00:00,900.1242,627.04083,434.26627,446.25516,384.5282,439.6483,501.96976,350.1224,482.1513,282.0915
2016-03-19 16:00:00,822.3424,705.8805,478.14566,428.93875,491.73807,382.68448,444.02768,348.69186,434.44177,338.95245
2016-03-19 17:00:00,839.7457,669.449,550.67487,427.4301,447.6588,406.70178,470.22928,366.83264,422.0102,380.84106
2016-03-19 18:00:00,964.46625,720.9105,646.3678,462.46674,481.55914,494.23825,555.67487,454.87878,475.6482,436.07898
2016-03-19 19:00:00,1035.9102,620.8948,615.7215,560.4091,481.40533,545.5673,616.1135,452.63614,426.2772,462.01398
2016-03-19 20:00:00,1004.39355,451.00958,538.46387,507.77377,498.1729,545.72064,573.5609,405.17593,306.1896,397.13464
2016-03-19 21:00:00,1023.49426,357.70837,363.98337,517.827,527.3134,519.86505,516.5006,373.1215,249.9024,327.69806
2016-03-19 22:00:00,1028.2207,339.57483,414.3725,523.2215,722.71014,585.6431,559.6815,377.4648,241.11742,452.77676
2016-03-19 23:00:00,740.38635,280.65378,398.6155,543.7357,770.13477,658.7951,580.43756,345.44183,178.24,441.76077
2016-03-20 00:00:00,645.6122,244.30997,255.90826,537.662,775.15076,650.792,553.00214,283.81216,129.72934,321.38272
2016-03-20 01:00:00,465.68805,207.296,167.69695,458.29776,739.59235,625.33685,532.459,218.90999,84.073494,253.12381
2016-03-20 02:00:00,449.20325,167.14134,116.16524,384.96432,604.48303,531.4293,417.94644,193.35739,45.404446,206.89749
2016-03-20 03:00:00,294.36795,122.436775,72.90811,299.30786,537.5537,438.90256,295.0833,117.38925,20.281647,171.91635
2016-03-20 04:00:00,227.76656,78.40513,57.63686,248.29344,381.47473,275.73367,146.50284,95.73248,17.554037,128.39493
2016-03-20 05:00:00,209.93271,40.589813,61.40015,223.77176,210.25432,177.66733,115.234634,86.71885,23.592161,78.01413
2016-03-20 06:00:00,218.17221,25.44773,65.021416,172.20407,103.67251,90.24821,67.957375,56.167103,61.51749,50.9984
2016-03-20 07:00:00,267.70233,84.458565,158.86331,179.37865,152.73383,119.833916,114.42665,104.49234,118.73465,132.39777
2016-03-20 08:00:00,289.98737,131.98619,210.03264,215.91518,238.07487,127.46621,146.88597,126.59775,172.3905,149.06459
2016-03-20 09:00:00,314.89624,148.71358,268.9105,262.17688,320.3683,171.33209,189.05649,154.12134,202.39677,178.87244
2016-03-20 10:00:00,553.90045,253.34714,339.97363,394.48132,360.7864,252.67352,333.12415,297.86478,360.0375,255.58885
2016-03-20 11:00:00,723.964,360.64447,455.29694,381.72327,364.31424,381.14896,406.0899,407.8448,391.5765,297.69052
2016-03-20 12:00:00,901.83887,453.7506,496.6541,435.59332,406.7361,376.4698,467.68124,428.5719,494.37485,334.65747
2016-03-20 13:00:00,907.4686,572.985,472.0304,413.20306,409.42447,424.47928,479.24384,392.35397,500.64844,317.09256
2016-03-20 14:00:00,877.4231,536.4997,438.46442,397.05463,339.78287,384.346,435.68768,356.2515,425.59183,286.92484
2016-03-20 15:00:00,862.1731,561.6746,422.01297,410.63043,353.51703,384.7223,416.7956,333.90497,432.1066,294.259
2016-03-20 16:00:00,860.5833,543.4541,370.11047,414.9003,423.61868,338.64432,416.962,296.97226,390.49823,292.37845
2016-03-20 17:00:00,923.58636,523.8887,430.62488,419.77036,453.10712,377.41998,418.93695,343.191,391.03424,332.1502
2016-03-20 18:00:00,1008.6494,546.3059,467.69244,482.6726,565.05756,431.81256,491.0276,403.30536,420.81638,387.26038
2016-03-20 19:00:00,979.5808,411.90015,498.31982,455.29254,520.85645,408.30777,457.88123,368.14563,271.2569,380.28116
2016-03-20 20:00:00,871.5592,324.87732,314.6139,414.47638,496.47998,370.50543,384.06638,319.77966,194.2667,240.19339
2016-03-20 21:00:00,919.7259,273.10803,284.09262,412.72794,500.39597,384.6556,342.00287,296.63144,199.96169,246.03574
2016-03-20 22:00:00,1037.5703,230.59236,249.43854,485.79993,552.00543,415.7922,364.40558,255.89645,171.2946,354.60843
2016-03-20 23:00:00,631.01025,177.9853,137.39432,364.1225,424.08902,252.93265,197.95384,154.60416,75.15951,167.59662
2016-03-21 00:00:00,301.03134,118.84493,94.61794,241.31032,235.05954,202.24373,164.55534,93.15889,49.254253,87.69724
2016-03-21 01:00:00,124.83903,69.5872,67.235565,108.12526,166.00923,122.64174,65.53401,43.835335,35.265285,85.80189
2016-03-21 02:00:00,105.37039,40.065777,38.15823,65.86554,127.7155,64.38872,46.00964,18.360754,13.101943,67.6745
2016-03-21 03:00:00,79.62969,23.196001,31.012571,75.60602,98.4487,46.63941,28.266989,18.136518,13.374899,50.66167
2016-03-21 04:00:00,119.50991,18.640318,35.135036,97.43976,90.01232,43.387943,28.0931,32.074615,19.831345,49.915405
2016-03-21 05:00:00,190.66818,26.527538,47.986248,252.85538,84.10641,49.32582,48.169205,70.16918,67.54704,48.06584
2016-03-21 06:00:00,768.39355,70.08411,111.50779,690.7821,131.59654,138.00609,199.7327,180.76886,222.16418,82.98427
2016-03-21 07:00:00,889.39325,185.76952,212.48834,742.4472,279.68716,290.37244,311.43948,394.61765,480.91507,184.46362
2016-03-21 08:00:00,924.41675,266.64606,399.5557,678.91095,349.8765,459.33337,389.70023,507.72528,462.46405,259.34247
2016-03-21 09:00:00,998.43115,326.3862,376.0053,610.1595,327.28494,395.09637,383.64465,423.15546,435.72083,243.08827
2016-03-21 10:00:00,803.71765,421.8946,401.0601,460.33936,265.4117,333.58484,335.5571,377.9477,363.9544,271.77258
2016-03-21 11:00:00,749.344,494.284,440.3886,428.2055,279.7206,363.3379,306.1528,373.73026,366.1529,312.18652
2016-03-21 12:00:00,779.363,580.50366,476.75424,398.98007,287.27072,420.95676,344.99307,397.3852,413.0114,348.53644
2016-03-21 13:00:00,769.94934,616.0616,482.3612,397.67706,275.2154,411.96228,364.9805,375.67593,387.4563,329.66144
2016-03-21 14:00:00,692.9604,687.3856,562.7041,378.32874,258.37515,432.6658,377.44995,397.67078,473.63385,376.32248
2016-03-21 15:00:00,615.7459,625.8376,512.26227,380.25366,262.66852,419.4653,356.49826,383.95178,456.96582,320.933
2016-03-21 16:00:00,706.5115,647.8331,526.6091,344.0792,269.54318,380.15485,333.13788,385.40677,461.282,322.83212
2016-03-21 17:00:00,806.8115,839.64124,710.42554,398.08554,349.62018,441.8656,373.92386,548.0763,487.71786,438.54504
2016-03-21 18:00:00,886.30133,966.15015,926.13885,527.04236,460.25415,588.26324,519.1185,686.3307,464.00104,586.1259
2016-03-21 19:00:00,895.0313,893.9134,984.51666,551.8532,469.3576,553.9939,535.885,638.423,357.9043,609.78033
2016-03-21 20:00:00,758.7979,753.3119,844.87964,506.40866,451.23706,506.58408,494.59308,535.697,249.01743,541.8047
2016-03-21 21:00:00,948.79364,618.2055,890.37286,522.2707,571.7807,508.01617,469.18277,467.48944,237.45543,530.9015
2016-03-21 22:00:00,844.5787,446.77216,698.68634,496.99606,608.11743,454.77402,342.09332,349.701,122.34704,507.35403
2016-03-21 23:00:00,435.25882,254.423,408.3189,348.2521,396.73563,381.75003,247.7926,278.59637,81.610085,305.76968
2016-03-22 00:00:00,246.35315,168.00215,277.38965,257.88727,341.3095,210.59702,154.85799,153.01534,47.983875,240.3853
2016-03-22 01:00:00,160.04584,116.839645,147.13187,205.99384,210.49733,137.6408,109.13898,104.143425,28.545898,143.57939
2016-03-22 02:00:00,80.470795,45.423347,75.37928,83.050674,133.93942,94.56411,42.848602,45.44974,11.959513,68.37697
2016-03-22 03:00:00,59.198776,23.27675,55.045994,74.89659,100.113,50.495342,31.52558,34.707935,10.23645,57.696735
2016-03-22 04:00:00,75.0994,22.30851,50.55514,79.15963,91.77913,41.17669,29.931173,34.903675,17.424616,60.410217
2016-03-22 05:00:00,197.4994,31.330584,58.63006,297.1313,87.37608,55.23786,56.183002,73.40463,41.732494,47.51917
2016-03-22 06:00:00,843.4218,79.868675,150.44473,757.8491,143.20992,145.13852,193.25897,205.70282,238.41283,89.029915
2016-03-22 07:00:00,937.7948,185.90501,280.51904,751.45215,258.73007,290.03842,292.15564,325.28735,454.92438,177.09271
2016-03-22 08:00:00,961.82623,286.76828,437.16818,636.5679,355.7413,462.00162,399.9962,532.5916,475.99484,282.82437
2016-03-22 09:00:00,1057.1826,371.37158,441.56088,655.13165,343.5924,418.91748,405.23328,462.60266,494.18597,286.21466
2016-03-22 10:00:00,945.1082,485.7829,450.13077,533.71545,299.99542,385.54578,363.77142,388.0319,419.02197,295.57635
2016-03-22 11:00:00,796.39954,611.4838,539.81635,451.49213,287.07172,410.2045,365.87604,438.03275,415.70865,350.26642
2016-03-22 12:00:00,800.09863,710.84735,599.8093,428.72424,302.50586,465.34665,385.25217,461.1063,443.5875,385.6023
2016-03-22 13:00:00,792.51636,770.16345,584.4429,436.51718,286.2905,441.731,376.60245,413.58243,411.83142,368.33234
2016-03-22 14:00:00,708.80554,795.98706,606.7382,399.5931,263.28073,488.8211,373.5115,434.27167,473.2383,399.99527
2016-03-22 15:00:00,682.4031,700.01654,556.642,364.86053,262.84348,456.0253,368.57867,410.9585,540.7068,365.16968
2016-03-22 16:00:00,694.24005,676.091,546.0593,361.5587,259.1423,391.8636,348.62482,387.5748,442.33008,365.86438
2016-03-22 17:00:00,791.8024,739.83997,678.3423,374.4005,306.5151,450.20035,399.16028,555.9564,436.11688,439.90604
2016-03-22 18:00:00,867.41956,921.1022,956.1786,532.30524,459.07312,576.00757,531.7329,687.32837,429.6929,604.8791
2016-03-22 19:00:00,934.489,952.92834,999.1807,540.9754,499.52145,582.01013,561.3034,704.2943,361.4419,608.96075
2016-03-22 20:00:00,774.144,899.62463,1015.2842,510.9502,550.9149,563.1102,582.3137,642.44324,253.41844,618.87854
2016-03-22 21:00:00,867.9751,674.04755,1076.0569,554.7197,810.29285,561.84076,526.37616,541.4629,218.58661,640.9715
2016-03-22 22:00:00,835.8068,518.603,826.57825,544.9651,798.2606,570.43756,419.14853,460.44907,176.6157,610.1708
2016-03-22 23:00:00,464.58585,353.3318,522.1417,424.55585,596.2648,417.0341,275.97858,300.32816,77.47129,436.8564
2016-03-23 00:00:00,241.59352,194.24182,333.41757,267.5785,458.21814,309.4637,171.6329,196.40685,44.560425,314.01093
2016-03-23 01:00:00,146.00279,135.65988,139.3364,180.81393,234.28935,168.34409,122.233215,94.38222,21.346846,192.80917
2016-03-23 02:00:00,80.74196,60.337692,86.3039,102.03462,137.26299,112.80851,49.53834,57.27254,14.284632,87.19291
2016-03-23 03:00:00,69.86143,46.192543,59.864124,84.7217,122.76761,76.049614,37.633327,43.553238,8.97224,62.010895
2016-03-23 04:00:00,77.295,24.13868,57.457222,73.80239,94.19793,49.009293,30.867584,37.01367,12.29718,64.67797
2016-03-23 05:00:00,187.78754,33.87603,70.70898,279.1004,84.27065,63.932568,54.46155,77.99144,58.373234,54.196304
2016-03-23 06:00:00,800.35876,83.1673,140.01047,787.0065,146.03598,165.47588,191.09108,199.39932,209.07173,96.88131
2016-03-23 07:00:00,936.12714,198.74983,281.36578,755.4783,276.6684,297.05582,303.6714,355.04053,456.17978,205.3315
2016-03-23 08:00:00,915.6821,287.6429,436.50864,640.46313,354.48672,408.42474,397.42352,457.94522,486.27795,310.16095
2016-03-23 09:00:00,1046.0269,386.65988,472.8747,627.2643,361.90582,436.49707,431.2172,458.31265,495.73282,293.6709
2016-03-23 10:00:00,895.49835,479.14905,474.74747,484.98758,304.11588,375.9838,361.381,386.5284,422.09787,312.96387
2016-03-23 11:00:00,847.4008,626.89795,576.03674,449.25598,321.21408,408.97128,364.60797,437.62695,404.45007,345.63254
2016-03-23 12:00:00,795.5707,672.78125,650.3481,418.50076,318.70535,462.50055,380.39606,476.10638,437.19812,372.919
2016-03-23 13:00:00,818.16864,768.1343,661.485,426.151,320.9865,472.81345,378.1067,441.79465,384.34375,385.86288
2016-03-23 14:00:00,745.6983,822.0003,686.1944,424.4109,305.57956,476.76123,380.17874,459.8132,455.29248,421.82175
2016-03-23 15:00:00,709.65015,734.36255,593.0604,407.47632,267.00037,428.65552,380.81586,447.66275,530.2038,373.68423
2016-03-23 16:00:00,698.0389,653.18774,536.54694,348.7274,261.66446,374.04617,325.0543,420.5213,408.33795,351.8559
2016-03-23 17:00:00,754.23,718.78937,693.4587,386.39514,368.06076,457.91382,391.5764,553.178,373.37674,436.74738
2016-03-23 18:00:00,894.2913,922.93854,890.4331,519.7657,472.87906,532.071,495.14,688.221,357.56046,619.5482
2016-03-23 19:00:00,1003.9009,868.2034,1015.3738,563.93964,521.29535,593.1495,599.6248,697.7223,324.3738,637.7341
2016-03-23 20:00:00,894.4881,799.66364,1035.7434,531.3686,564.8941,562.9252,608.4635,690.5875,249.1328,609.12555
2016-03-23 21:00:00,898.14154,672.68604,983.5645,548.7857,777.8776,584.5389,565.96136,637.33057,232.02614,597.1659
2016-03-23 22:00:00,827.2436,581.0246,828.48895,575.9368,796.4572,580.0831,493.8615,544.7959,209.35725,580.92535
2016-03-23 23:00:00,771.7896,379.76566,508.27942,503.6763,688.47986,568.06067,381.22842,383.05698,115.105255,489.59204
2016-03-24 00:00:00,519.5256,247.87108,340.19904,350.38947,536.91736,432.85495,308.82822,237.03621,71.59873,326.64478
2016-03-24 01:00:00,221.00232,157.32945,164.1632,231.90755,324.00345,254.32826,156.77007,137.29485,33.396397,160.24695
2016-03-24 02:00:00,157.96321,100.04174,106.49479,138.91873,179.9836,166.7142,110.023834,89.33782,16.23759,121.16535
2016-03-24 03:00:00,81.245155,52.231598,60.8889,87.99211,154.72821,123.27222,34.60285,43.682915,9.51152,73.08187
2016-03-24 04:00:00,89.184074,44.00151,60.223637,85.87006,112.26656,84.66659,40.001816,40.212994,14.17729,84.223564
2016-03-24 05:00:00,193.80244,47.40072,71.74007,269.88074,93.25589,86.51302,63.74051,67.65815,33.34667,63.98367
2016-03-24 06:00:00,780.062,85.823524,159.20181,711.213,146.656,148.70647,194.02116,203.32768,205.94589,105.58597
2016-03-24 07:00:00,975.3626,197.2561,282.424,745.41345,270.9444,308.9907,305.48633,336.25845,504.57187,209.53267
2016-03-24 08:00:00,923.09015,287.24615,406.1923,642.36084,379.70703,439.18552,386.04407,468.81116,463.02722,311.1346
2016-03-24 09:00:00,994.7981,373.88522,457.53024,644.91864,379.69034,431.95605,439.81653,486.77618,482.88153,340.1347
2016-03-24 10:00:00,896.4141,451.3032,468.52225,525.8265,333.06894,396.91687,353.7998,405.7949,431.17648,323.98505
2016-03-24 11:00:00,860.32684,609.44025,574.36053,464.24295,326.89008,444.14725,399.08072,461.67993,434.73886,375.8795
2016-03-24 12:00:00,846.0913,754.1123,699.0515,442.3605,309.03528,463.38092,391.4482,492.09775,427.76483,405.98932
2016-03-24 13:00:00,828.56213,787.74506,638.5306,445.21564,293.59802,495.96503,423.43454,455.9102,457.1158,395.17728
2016-03-24 14:00:00,803.71295,854.99536,664.1619,436.65366,327.23654,497.70767,416.6989,482.33286,461.99408,446.04242
2016-03-24 15:00:00,748.0372,753.3499,664.59894,423.6521,290.5929,470.78833,417.32144,486.4419,515.29456,439.03992
2016-03-24 16:00:00,674.7014,652.8549,523.0988,349.9189,281.1216,425.93152,346.96848,410.0272,409.28458,383.89175
2016-03-24 17:00:00,716.5388,720.53375,598.32446,336.18002,355.79175,425.43994,351.34607,547.9129,408.93475,430.5491
2016-03-24 18:00:00,763.73456,912.4405,727.1453,479.8767,456.19363,508.9725,496.9264,620.4035,501.78717,577.86304
2016-03-24 19:00:00,996.407,943.34955,960.6652,527.446,545.0922,578.2011,579.006,698.1852,412.8947,637.1222
2016-03-24 20:00:00,972.81445,829.4613,941.5845,547.9493,537.7706,564.91156,640.81085,692.21094,312.37607,620.8856
2016-03-24 21:00:00,912.1736,664.7583,892.9898,618.63776,727.30084,602.62415,587.575,598.64185,284.7497,560.0131
2016-03-24 22:00:00,970.19037,507.91623,737.19727,585.36566,833.8935,611.27527,552.0222,488.21472,237.60648,587.3547
2016-03-24 23:00:00,796.79736,360.60187,501.9748,520.44244,749.9499,638.2171,443.1994,418.7481,181.77992,514.3679
2016-03-25 00:00:00,418.07584,256.11105,368.38388,403.75528,659.60815,523.9483,324.5924,292.94342,74.715355,368.17377
2016-03-25 01:00:00,316.73083,192.82932,182.75632,354.32004,404.89124,429.8438,298.08023,197.26416,58.43996,254.97627
2016-03-25 02:00:00,172.09386,162.98636,117.94454,207.15924,311.45752,253.95258,138.80356,127.98093,19.182127,148.97914
2016-03-25 03:00:00,109.88112,105.702446,79.381546,128.853,196.88391,159.40988,73.50502,64.16765,10.383835,108.785934
2016-03-25 04:00:00,89.11742,56.18841,60.127155,101.74734,139.7571,107.17403,39.726204,46.95499,10.580761,73.227486
2016-03-25 05:00:00,152.81746,44.295338,60.02268,180.09322,115.87712,99.94313,52.75064,56.405807,25.550451,66.070724
2016-03-25 06:00:00,681.51965,74.08609,122.08296,524.05524,137.53473,136.42342,134.97969,137.43109,139.61305,92.07302
2016-03-25 07:00:00,650.50037,136.32613,180.27687,488.4507,238.10094,173.69148,242.82162,205.26048,285.11325,165.35199
2016-03-25 08:00:00,669.00824,212.63148,264.65256,439.22504,305.83524,288.36502,284.20605,261.56982,345.08377,221.8609
2016-03-25 09:00:00,803.79193,274.18643,370.3089,495.5977,339.7398,353.89282,356.19983,366.0129,392.39008,272.19315
2016-03-25 10:00:00,808.61523,390.61658,472.52567,434.52887,366.66315,371.92432,382.7294,398.0405,393.91458,308.64523
2016-03-25 11:00:00,875.4532,529.8234,488.51047,423.85367,357.98404,399.29663,385.90262,408.87747,388.8455,353.68536
2016-03-25 12:00:00,921.4332,643.1509,533.3577,449.37158,356.52847,446.97818,439.27,425.36298,466.3599,395.87354
2016-03-25 13:00:00,929.326,785.1695,632.7696,461.24423,335.76288,465.3585,458.27277,412.37482,500.215,425.43127
2016-03-25 14:00:00,844.3643,743.72595,564.2087,409.28638,335.1437,464.3518,433.0434,420.22833,451.455,364.79227
2016-03-25 15:00:00,794.44135,746.07367,580.4892,399.03644,321.69244,448.0653,427.5401,413.8892,460.1479,384.71832
2016-03-25 16:00:00,803.8867,709.61536,545.535,406.4174,329.58527,416.8587,398.03452,402.4191,395.17346,365.70688
2016-03-25 17:00:00,785.918,716.47107,640.92725,404.14523,355.05243,403.91397,377.9947,407.68585,405.7826,406.44235
2016-03-25 18:00:00,943.40497,710.57587,689.4884,549.9025,447.36987,493.22537,527.70074,499.3719,405.99042,507.72256
2016-03-25 19:00:00,1061.2085,650.13983,641.5967,594.20166,457.2549,568.4186,578.8697,550.024,352.30173,488.02652
2016-03-25 20:00:00,1008.7643,555.77594,598.4345,544.3636,479.99222,527.7102,589.2428,452.4081,237.5335,437.5708
2016-03-25 21:00:00,911.4946,393.01233,471.41058,516.8552,617.1451,537.53485,563.1335,399.15903,242.80542,378.62955
2016-03-25 22:00:00,856.8932,319.4543,438.5465,567.12695,875.5439,585.4698,502.87506,389.34485,240.23883,443.40842
2016-03-25 23:00:00,631.9362,250.21347,311.9834,587.688,819.97296,670.461,505.14923,330.20258,122.847176,448.14377
2016-03-26 00:00:00,526.8051,235.09033,226.61247,520.1597,768.2709,645.9426,544.61804,232.93886,93.57763,309.34116
2016-03-26 01:00:00,379.4938,200.24716,144.35089,454.90286,647.08307,575.82086,435.17346,233.67566,69.57869,256.62363
2016-03-26 02:00:00,298.8244,163.65717,108.70037,372.65225,501.36746,457.89645,339.61798,168.05608,44.406075,161.70258
2016-03-26 03:00:00,204.28094,139.14853,60.274845,219.90645,371.84872,335.35498,167.5552,104.005424,19.726564,137.9979
2016-03-26 04:00:00,173.64528,85.89629,71.275604,143.21779,243.93474,237.88791,82.86454,64.28637,15.4346695,121.29976
2016-03-26 05:00:00,247.15413,58.72797,64.81809,153.15286,131.16798,174.79039,88.58588,79.058075,26.869526,64.55572
2016-03-26 06:00:00,178.64859,39.196407,60.39773,187.52144,87.32192,78.440384,56.301052,69.22109,67.81796,56.6699
2016-03-26 07:00:00,233.12315,66.15883,116.41027,187.21951,142.59221,121.080414,96.42133,93.202774,155.86732,98.0025
2016-03-26 08:00:00,332.86307,106.577446,189.66022,299.28653,201.48811,143.24168,186.18433,141.81714,212.29822,149.02547
2016-03-26 09:00:00,470.37756,185.24405,260.3778,325.7911,342.3802,185.63504,207.39832,174.17986,253.20761,212.65437
2016-03-26 10:00:00,590.7436,293.84155,364.71765,386.0949,382.0759,270.28384,337.04315,291.82474,344.5158,282.77682
2016-03-26 11:00:00,874.03345,429.6125,455.72678,444.27432,442.36694,341.73825,404.41406,328.93097,392.0514,348.29373
2016-03-26 12:00:00,991.7633,595.9737,478.83322,477.30026,411.63785,385.49536,444.89804,355.6409,461.9846,353.38107
2016-03-26 13:00:00,933.2467,615.88257,449.70178,441.68185,379.26456,376.34036,448.1185,326.5798,420.11102,334.88245
2016-03-26 14:00:00,865.04266,649.341,452.63098,398.38193,304.44974,379.97052,430.49323,291.8959,417.96927,330.02972
2016-03-26 15:00:00,795.82056,669.11975,392.76758,402.6694,345.08316,369.46228,418.43582,271.82715,385.29413,320.76752
2016-03-26 16:00:00,800.6161,660.78674,444.24197,415.51846,405.2272,370.10837,423.32773,279.57623,343.82782,336.1053
2016-03-26 17:00:00,824.5758,655.4986,468.32452,429.75833,406.7246,395.9805,437.10025,333.7534,414.9593,361.29816
2016-03-26 18:00:00,950.4876,756.49493,625.63904,493.37125,473.60434,484.1036,527.41077,395.96417,418.67856,423.02896
2016-03-26 19:00:00,946.4531,706.7569,606.0497,533.6461,555.2176,500.14664,506.70334,414.4438,358.0564,446.1939
2016-03-26 20:00:00,880.72034,586.91437,543.34235,484.20734,550.5314,531.3333,494.773,390.50345,283.3471,410.91064
2016-03-26 21:00:00,893.7238,443.59732,437.33588,486.91745,563.58826,478.50452,462.8898,344.12164,211.8597,341.85056
2016-03-26 22:00:00,981.04803,325.26965,386.49658,522.8881,810.0718,537.7168,479.94507,339.8103,219.05159,419.68542
2016-03-26 23:00:00,753.71783,277.7047,282.28745,542.75824,758.4555,585.2239,475.82712,286.82117,158.77876,407.41412
2016-03-27 00:00:00,545.03864,216.03568,216.02364,488.2776,731.64856,576.7727,480.01797,209.14836,118.29541,290.1067
2016-03-27 01:00:00,399.5476,187.80125,139.7307,403.13052,708.41943,518.98206,331.76233,183.87961,70.1081,237.39183
2016-03-27 02:00:00,320.65787,157.02815,92.69068,357.37366,569.1324,446.8811,284.41617,149.34363,26.290808,181.18079
2016-03-27 03:00:00,239.0588,100.1908,44.657322,229.20726,387.90906,299.9266,164.63455,100.71058,18.29003,129.2171
2016-03-27 04:00:00,140.47931,67.36339,63.772606,138.89941,352.5278,209.39919,79.64963,56.272793,16.552656,110.72674
2016-03-27 05:00:00,126.66851,47.88455,65.60022,115.35029,166.84521,140.26347,68.17795,53.046772,15.040291,54.71826
2016-03-27 06:00:00,189.42116,38.348907,59.240883,165.86554,91.263535,86.56747,56.89204,60.248272,65.264145,52.12699
2016-03-27 07:00:00,160.85692,54.637848,84.58937,184.91289,130.17828,68.150856,62.929222,72.935715,85.49408,74.51842
2016-03-27 08:00:00,255.46579,87.82087,146.34113,234.94627,183.91057,95.96408,107.66157,119.48872,153.58385,129.33923
2016-03-27 09:00:00,319.69467,147.96243,241.31815,260.821,283.98483,140.64192,175.58035,163.68167,226.99783,193.78387
2016-03-27 10:00:00,583.1153,219.02835,340.58527,381.30048,357.97165,229.19969,257.28638,204.80328,279.8122,280.21405
2016-03-27 11:00:00,784.2207,388.6374,472.445,382.64035,397.06006,351.17032,353.27716,337.86035,382.77948,325.9053
2016-03-27 12:00:00,879.59265,469.53125,509.48862,407.6641,404.39487,357.6883,369.00766,333.55786,439.5661,348.94778
2016-03-27 13:00:00,796.05005,524.73016,465.56424,382.51678,357.08234,348.4961,363.13995,309.7723,495.9873,357.92352
2016-03-27 14:00:00,820.98596,503.9767,389.78598,374.18167,331.20358,352.83447,379.31696,274.66086,424.0958,327.61304
2016-03-27 15:00:00,811.54987,548.076,410.58386,368.77682,320.6676,351.19174,370.0223,266.2626,374.35886,350.2753
2016-03-27 16:00:00,867.48035,553.13416,385.73682,383.92487,412.0293,335.04245,355.435,287.08792,370.56354,352.31525
2016-03-27 17:00:00,847.93896,546.9754,412.2973,398.84827,414.42435,333.49527,347.81924,293.09305,368.77725,359.16046
2016-03-27 18:00:00,977.9688,526.6217,443.69144,438.68283,499.35248,387.52765,410.65875,396.13968,349.96222,349.171
2016-03-27 19:00:00,1026.1578,336.92633,471.59195,436.08334,448.72684,363.77747,380.68005,373.2869,273.05762,379.48975
2016-03-27 20:00:00,1007.2684,276.49506,268.31528,438.68378,419.05444,371.40887,328.33987,372.41815,205.51073,270.11404
2016-03-27 21:00:00,1115.0691,239.42592,295.63718,490.9738,451.84137,401.06946,340.9476,395.61453,206.29556,315.2211
2016-03-27 22:00:00,939.2442,158.5045,238.29369,506.68076,566.9477,479.74384,256.4506,260.96805,121.09671,289.73764
2016-03-27 23:00:00,598.0519,155.48494,188.55336,457.6321,378.04483,496.0451,222.40454,272.37167,89.04702,220.17384
2016-03-28 00:00:00,481.45956,151.43213,103.40108,336.70358,243.90663,247.36958,208.83833,136.05959,46.755596,126.480804
2016-03-28 01:00:00,216.51721,64.84915,54.128025,230.32964,187.14612,144.96384,114.218254,75.696236,15.413836,84.80661
2016-03-28 02:00:00,123.11315,35.13295,45.710823,101.082375,156.94406,79.044716,60.40475,39.35314,4.3641014,67.7611
2016-03-28 03:00:00,72.562416,42.774178,39.791985,73.3343,130.23961,69.925125,41.14435,41.040108,6.2772584,67.42138
2016-03-28 04:00:00,67.969284,22.63116,38.105694,59.610355,99.18285,45.667374,26.112303,37.793186,12.842068,57.218983
2016-03-28 05:00:00,152.7419,21.762856,41.076572,212.68263,78.18076,46.235676,41.777897,58.971798,57.253387,53.751953
2016-03-28 06:00:00,780.8956,69.98864,106.652885,713.0751,138.25014,141.53177,188.60942,191.96056,193.82272,81.637634
2016-03-28 07:00:00,978.7204,183.67426,205.12262,754.479,251.34784,295.4692,301.35306,365.13242,433.39423,172.12459
2016-03-28 08:00:00,960.3531,253.62367,352.73648,642.9786,346.45233,415.4639,368.27063,521.25775,525.84924,268.016
2016-03-28 09:00:00,995.0376,345.33426,389.4328,651.2411,368.55005,400.96353,383.74936,473.61465,480.6427,271.73102
2016-03-28 10:00:00,929.51166,415.2361,383.96185,514.9466,311.58765,404.29675,361.7708,372.86313,430.65424,332.65335
2016-03-28 11:00:00,931.43353,568.1448,501.6235,524.0494,361.46402,424.7927,363.4695,424.70477,429.59213,434.33154
2016-03-28 12:00:00,777.54376,635.5397,484.1227,419.6493,321.7166,422.3984,320.08026,403.7746,442.72458,378.67532
2016-03-28 13:00:00,759.9767,659.4856,491.08652,393.9314,275.593,423.09482,343.28452,399.58313,425.06793,335.04965
2016-03-28 14:00:00,755.9419,744.6009,550.9703,399.86798,271.00204,438.59653,365.4887,402.03867,435.94528,368.96933
2016-03-28 15:00:00,735.03754,666.3877,491.33664,376.00687,251.57578,439.5245,327.90295,376.8882,567.3052,310.7115
2016-03-28 16:00:00,716.4597,560.7081,481.33374,365.48083,231.06364,375.359,309.1609,321.53125,394.67102,300.11594
2016-03-28 17:00:00,886.42926,816.812,658.84595,410.85092,318.29962,434.15723,362.8613,549.5092,433.6667,395.05133
2016-03-28 18:00:00,897.03894,904.36096,849.03345,556.3279,437.08157,500.7023,494.6868,604.642,434.93527,567.89404
2016-03-28 19:00:00,930.6922,847.7859,931.0891,547.12823,470.3527,568.0312,509.95032,670.83923,299.30615,600.8959
2016-03-28 20:00:00,907.3265,711.13995,865.5538,515.1126,460.58685,486.25955,505.91098,583.119,239.97655,541.1565
2016-03-28 21:00:00,856.67773,541.5329,754.9773,529.59174,480.43323,489.16037,463.883,494.13538,217.68198,557.7591
2016-03-28 22:00:00,775.4127,333.7375,534.81836,498.28723,518.93396,473.96957,342.52786,269.31348,91.61053,430.86093
2016-03-28 23:00:00,539.5144,234.13058,373.02515,410.76935,480.655,329.76218,278.14554,241.59258,62.057304,297.6434
2016-03-29 00:00:00,463.0484,161.96288,191.01822,278.68204,327.40152,344.48965,205.1479,163.9705,53.410736,213.85838
2016-03-29 01:00:00,226.13281,85.8539,133.0532,213.75308,208.66527,184.79182,136.33656,104.38171,21.688398,125.33712
2016-03-29 02:00:00,104.39717,39.22715,80.80237,107.373665,129.53526,112.282585,64.75378,51.30193,15.247456,85.61987
2016-03-29 03:00:00,68.30838,31.556343,52.423973,75.603386,101.033104,58.08815,31.608215,42.714245,11.485577,55.188847
2016-03-29 04:00:00,50.876217,22.77217,48.419514,68.62661,101.51497,48.24101,29.922865,42.001995,9.964293,53.77845
2016-03-29 05:00:00,212.54936,25.027554,65.70416,268.44635,76.20505,53.002216,54.63962,74.83747,70.39633,48.938465
2016-03-29 06:00:00,823.5966,82.58511,148.38232,672.1556,149.28117,144.65031,193.78413,194.5709,234.46594,99.75379
2016-03-29 07:00:00,1009.0552,207.85542,256.0529,777.5996,272.53226,307.46567,322.77356,376.54578,472.14484,181.20743
2016-03-29 08:00:00,931.18256,282.53244,358.37088,692.3361,351.3736,439.0567,384.15424,414.0062,474.07062,258.38773
2016-03-29 09:00:00,1041.8383,358.8643,460.90143,637.94556,372.22562,468.7645,417.44736,487.52945,500.06677,301.11902
2016-03-29 10:00:00,955.1413,460.82587,447.2549,504.52347,335.35834,386.03284,351.1323,398.79636,408.66983,315.98383
2016-03-29 11:00:00,823.69305,606.09753,524.4382,442.8329,298.04108,405.05453,325.23355,396.79672,431.82892,327.44913
2016-03-29 12:00:00,810.4192,744.03265,604.0063,471.09442,300.79242,443.07828,367.1697,426.24704,443.58167,361.98038
2016-03-29 13:00:00,786.7264,766.2721,582.7795,422.16403,277.91907,454.1107,365.4352,429.15265,421.8725,384.8011
2016-03-29 14:00:00,744.29443,720.068,584.9099,407.75076,283.8034,463.24435,360.11337,414.71106,534.57544,351.55533
2016-03-29 15:00:00,740.38416,713.99725,580.9751,398.14743,262.49704,448.05392,374.57587,409.84113,554.2551,364.71622
2016-03-29 16:00:00,700.3039,644.71497,546.43463,353.72742,253.78677,392.738,363.62326,387.063,472.46533,362.79123
2016-03-29 17:00:00,822.928,679.3481,674.7322,380.1391,317.86215,483.40662,412.62796,551.7113,398.3336,453.14478
2016-03-29 18:00:00,889.96686,933.06903,954.1642,559.11584,465.95703,600.6297,544.0704,733.8456,488.32108,614.9209
2016-03-29 19:00:00,930.01105,972.1079,1070.4706,600.0046,513.6378,622.2411,620.69,698.41656,387.41776,661.82526
2016-03-29 20:00:00,786.34064,941.75366,1099.2194,547.1255,554.5954,551.17847,567.1202,698.43945,299.56232,644.12213
2016-03-29 21:00:00,856.9493,749.04736,1097.1587,572.756,824.9792,567.67365,538.6571,623.4702,267.73032,653.9331
2016-03-29 22:00:00,893.7832,618.7086,852.6426,565.69635,818.5951,603.24567,497.15704,511.87338,184.5696,619.42377
2016-03-29 23:00:00,535.81537,357.42383,532.74603,447.65677,624.0188,521.54486,324.23044,293.55508,72.34853,428.13406
2016-03-30 00:00:00,436.78247,206.86559,312.65616,318.7764,415.58643,372.33453,189.40788,176.02454,53.08968,290.98196
2016-03-30 01:00:00,162.4127,141.23933,153.8716,197.46931,198.47318,195.10751,127.56754,114.913185,27.58242,165.3335
2016-03-30 02:00:00,89.996284,70.74313,86.17403,105.20416,146.81734,127.146904,56.372272,64.198044,16.139769,104.66447
2016-03-30 03:00:00,62.88813,34.114506,56.79052,82.64555,112.45018,65.91176,32.8782,39.92507,12.254297,60.105812
2016-03-30 04:00:00,68.69925,22.2601,54.004536,75.414055,100.57919,48.582428,29.37423,37.904945,15.990803,71.18956
2016-03-30 05:00:00,206.61823,30.191687,62.799294,290.9592,83.74285,54.508583,56.04043,69.66999,44.983173,50.85212
2016-03-30 06:00:00,842.0281,87.76656,150.66132,757.5174,144.36841,152.08272,208.03642,211.8419,226.50487,90.96112
2016-03-30 07:00:00,1015.5193,193.42693,263.6924,760.5086,255.90219,306.03848,307.5304,356.73782,504.0649,185.24527
2016-03-30 08:00:00,924.34314,286.64206,417.5009,673.81793,365.37842,438.81854,400.7535,491.9855,505.27112,274.828
2016-03-30 09:00:00,1044.6808,392.39117,457.82382,647.29474,359.90646,415.22577,406.99615,473.19946,502.41687,290.02756
2016-03-30 10:00:00,924.00366,460.72137,475.92905,506.89972,303.35095,385.36407,349.6665,389.32114,407.78293,294.7367
2016-03-30 11:00:00,868.57794,632.94617,579.8549,502.90842,324.03476,439.24234,378.0751,437.46323,386.61627,337.7236
2016-03-30 12:00:00,845.6936,682.52264,619.5358,449.05814,305.0755,489.47015,384.11337,492.9766,461.15146,372.24442
2016-03-30 13:00:00,819.0767,772.88275,648.37195,420.5315,281.0056,501.0313,380.5222,466.66394,414.76355,373.81134
2016-03-30 14:00:00,780.36884,855.79236,708.82874,429.2389,312.22577,489.3959,406.75464,463.69525,470.77356,419.87238
2016-03-30 15:00:00,692.956,759.28644,588.23956,393.27396,266.06903,429.27533,371.75568,439.34955,486.00272,405.62885
2016-03-30 16:00:00,639.8681,640.8343,546.6773,353.18964,263.0923,403.29434,343.28137,392.18054,427.19968,384.0329
2016-03-30 17:00:00,769.0584,847.63416,742.8341,395.59375,374.2353,474.44745,409.07098,585.496,412.9826,474.40842
2016-03-30 18:00:00,900.082,944.8147,921.2089,522.85767,446.88983,584.9308,540.0137,723.4392,481.69702,600.65076
2016-03-30 19:00:00,970.60443,1030.3055,1034.1152,536.16974,524.07263,639.5853,627.8895,738.1575,372.04108,642.7634
2016-03-30 20:00:00,787.7953,932.77783,1109.8556,556.6705,561.8237,577.37646,631.9606,724.3154,311.23935,639.707
2016-03-30 21:00:00,841.16205,798.8706,1108.3768,545.6969,754.12445,602.9641,583.31824,658.4146,267.54135,630.9814
2016-03-30 22:00:00,791.9591,613.263,893.1067,560.3717,823.7186,621.7681,517.46716,547.95,208.1943,615.47473
2016-03-30 23:00:00,583.501,391.09482,592.51184,461.6988,718.8596,533.8564,350.1976,323.59662,72.69962,510.91467
2016-03-31 00:00:00,515.721,249.63115,378.30298,341.79315,443.262,397.18155,280.91107,236.30511,68.52678,331.43378
2016-03-31 01:00:00,238.5341,169.19617,187.30501,227.92053,294.36963,220.4091,146.36511,148.90947,32.584797,215.434
2016-03-31 02:00:00,110.03959,84.4728,96.36533,115.428566,167.22397,149.65689,76.768684,74.7213,14.942844,118.95964
2016-03-31 03:00:00,59.16388,47.73925,57.55446,87.903915,128.67218,80.50194,34.501575,44.156227,8.505634,64.44653
2016-03-31 04:00:00,70.138405,27.433022,53.647736,83.0171,105.0545,54.72618,34.518837,40.749886,12.629486,74.60747
2016-03-31 05:00:00,201.90411,30.263037,72.24084,252.10123,84.08521,62.02371,56.252995,75.27749,49.85649,56.80689
2016-03-31 06:00:00,808.8211,93.887215,159.2776,714.128,155.40125,147.44325,194.1465,192.82341,227.6055,100.5591
2016-03-31 07:00:00,910.2481,194.67422,270.67957,773.81006,263.39426,287.80972,296.6233,349.06442,461.0197,195.9381
2016-03-31 08:00:00,928.6838,287.83966,432.72534,634.56085,333.71564,399.52432,376.42786,419.9343,458.9549,319.7744
2016-03-31 09:00:00,974.52637,382.9958,482.0327,628.71246,357.64624,431.22308,436.697,457.63528,489.7843,364.64368
2016-03-31 10:00:00,873.5232,450.9905,473.36307,509.6166,331.49585,426.0217,354.32532,417.3982,420.58347,316.77887
2016-03-31 11:00:00,823.23773,614.24506,571.92255,473.77487,301.44843,440.25107,385.58682,428.10342,413.77603,381.0861
2016-03-31 12:00:00,764.6118,692.60077,619.80206,423.9332,300.91754,468.29956,371.4699,473.1871,457.81082,394.64917
2016-03-31 13:00:00,780.6613,755.23315,635.37573,411.98886,312.37173,443.8131,393.3653,468.2492,421.28378,381.85437
2016-03-31 14:00:00,802.9613,808.6284,650.4157,428.52774,318.2604,459.02368,394.70743,455.91226,444.35306,428.8531
2016-03-31 15:00:00,778.00214,730.5743,607.11743,408.43274,284.69363,431.77603,405.95908,456.92728,511.9076,429.16238
2016-03-31 16:00:00,656.4043,635.111,516.4793,337.21298,273.21036,392.05542,338.75293,412.63425,411.89777,370.9529
2016-03-31 17:00:00,700.3187,686.6658,619.94196,369.03632,341.26526,422.44397,389.9199,538.1111,406.21832,436.3431
2016-03-31 18:00:00,887.6217,936.35803,764.4864,513.7582,479.13135,553.36066,531.9535,684.5386,480.96533,565.50183
2016-03-31 19:00:00,994.93616,963.72675,957.97876,539.3733,532.69574,621.50507,640.2703,698.482,407.8405,651.65643
2016-03-31 20:00:00,881.1689,814.6644,996.7748,533.67615,521.0114,578.4045,609.4605,682.2888,259.22113,563.52795
2016-03-31 21:00:00,834.33435,738.7012,1059.8108,594.0286,676.85693,620.50183,581.75165,614.7809,257.08292,566.4593
2016-03-31 22:00:00,896.68787,559.4031,857.66144,595.4313,895.3905,683.2632,535.97565,545.4234,216.19672,581.41907
2016-03-31 23:00:00,828.38116,459.02573,672.4762,522.07495,714.0393,600.8163,447.0224,431.58133,156.7283,541.1092
